"","1","2","3","4","5","6","7","8","9"
"1","NYA","NYN","ATL","","","","","",""
"2","HOU","HOU","WAS","OAK","OAK","","","",""
"3","LAA","LAA","LAN","NYN","","","","",""
"4","CHA","CHA","","","","","","",""
"5","HOU","","","","","","","",""
"6","KCA","SFN","SFN","","","","","",""
"7","BAL","CLE","OAK","","","","","",""
"8","BOS","BOS","BOS","NYA","","","","",""
"9","MIN","MIN","","","","","","",""
"10","SEA","SEA","SEA","SEA","SEA","NYA","","",""
"11","NYN","NYN","","","","","","",""
"12","COL","COL","","","","","","",""
"13","CLE","CLE","","","","","","",""
"14","NYA","","","","","","","",""
"15","KCA","","","","","","","",""
"16","SLN","SLN","SLN","SLN","","","","",""
"17","SDN","TEX","TEX","PHI","PHI","","","",""
"18","BAL","","","","","","","",""
"19","KCA","KCA","TEX","CIN","","","","",""
"20","TEX","TEX","","","","","","",""
"21","SFN","SFN","SFN","","","","","",""
"22","SFN","SFN","SFN","SFN","SFN","","","",""
"23","CLE","CLE","","","","","","",""
"24","ARI","ARI","","","","","","",""
"25","ARI","","","","","","","",""
"26","MIN","TOR","","","","","","",""
"27","TEX","","","","","","","",""
"28","BOS","BOS","ARI","CLE","HOU","CHA","","",""
"29","DET","DET","DET","DET","DET","","","",""
"30","CHN","CHN","","","","","","",""
"31","KCA","","","","","","","",""
"32","COL","","","","","","","",""
"33","ARI","OAK","OAK","TBA","","","","",""
"34","CLE","CLE","CLE","CLE","","","","",""
"35","SEA","SEA","SDN","SDN","CLE","","","",""
"36","MIL","","","","","","","",""
"37","KCA","","","","","","","",""
"38","NYA","NYA","","","","","","",""
"39","CIN","SDN","SDN","SDN","SDN","","","",""
"40","PHI","PHI","","","","","","",""
"41","HOU","HOU","HOU","HOU","HOU","","","",""
"42","NYN","NYN","","","","","","",""
"43","BAL","","","","","","","",""
"44","TOR","TOR","MIA","MIA","MIA","","","",""
"45","DET","LAA","LAA","","","","","",""
"46","PIT","PIT","PIT","PIT","PIT","","","",""
"47","SDN","OAK","","","","","","",""
"48","LAA","LAA","SDN","SDN","SDN","SDN","","",""
"49","HOU","HOU","SDN","","","","","",""
"50","MIA","","","","","","","",""
"51","COL","FLO","","","","","","",""
"52","OAK","OAK","OAK","COL","LAN","","","",""
"53","SLN","CHA","OAK","OAK","","","","",""
"54","ARI","ARI","","","","","","",""
"55","CLE","","","","","","","",""
"56","BOS","BOS","","","","","","",""
"57","BAL","BAL","SEA","","","","","",""
"58","TBA","","","","","","","",""
"59","TEX","TEX","TEX","TEX","TEX","","","",""
"60","BAL","","","","","","","",""
"61","WAS","WAS","HOU","NYN","","","","",""
"62","NYA","SLN","","","","","","",""
"63","MIL","MIL","KCA","SFN","","","","",""
"64","PHI","","","","","","","",""
"65","TBA","TBA","TBA","TBA","","","","",""
"66","MIN","MIN","MIN","","","","","",""
"67","COL","COL","COL","","","","","",""
"68","TOR","TOR","TOR","TEX","TBA","","","",""
"69","SFN","SFN","SFN","SFN","","","","",""
"70","CLE","","","","","","","",""
"71","BOS","","","","","","","",""
"72","CIN","CIN","","","","","","",""
"73","BAL","BAL","BAL","CHN","CHN","CHN","","",""
"74","CIN","CIN","CIN","ARI","","","","",""
"75","LAN","","","","","","","",""
"76","PIT","","","","","","","",""
"77","PHI","PHI","PHI","","","","","",""
"78","PHI","","","","","","","",""
"79","MIL","","","","","","","",""
"80","BOS","BOS","NYN","CLE","CLE","","","",""
"81","BAL","","","","","","","",""
"82","SLN","","","","","","","",""
"83","PHI","PHI","PHI","PHI","","","","",""
"84","BAL","","","","","","","",""
"85","DET","DET","DET","DET","DET","","","",""
"86","ATL","ATL","ATL","ATL","LAN","","","",""
"87","KCA","BOS","BOS","CLE","CLE","CLE","","",""
"88","CHA","CHA","CHA","CIN","CIN","","","",""
"89","MIL","MIL","MIL","SLN","CLE","PIT","COL","",""
"90","NYA","BAL","BAL","ATL","","","","",""
"91","LAA","LAA","LAA","LAA","LAA","","","",""
"92","FLO","TBA","MIL","BOS","CIN","","","",""
"93","PHI","","","","","","","",""
"94","CHN","CHN","","","","","","",""
"95","LAN","LAN","","","","","","",""
"96","OAK","BOS","BOS","NYA","","","","",""
"97","CIN","CIN","CIN","CIN","CIN","","","",""
"98","CHN","CHN","DET","ATL","TEX","MIA","MIA","",""
"99","FLO","SDN","SDN","CHN","","","","",""
"100","MIN","CHN","TEX","LAN","","","","",""
"101","WAS","DET","CIN","","","","","",""
"102","OAK","OAK","OAK","TBA","TBA","","","",""
"103","LAA","","","","","","","",""
"104","SEA","","","","","","","",""
"105","ATL","","","","","","","",""
"106","LAN","PIT","","","","","","",""
"107","BOS","BOS","BOS","","","","","",""
"108","SEA","","","","","","","",""
"109","HOU","PIT","PIT","PIT","SDN","","","",""
"110","LAN","","","","","","","",""
"111","HOU","HOU","COL","COL","","","","",""
"112","CHN","CHN","CHN","CHN","LAN","LAN","TOR","",""
"113","BOS","BOS","","","","","","",""
"114","CLE","CLE","","","","","","",""
"115","CIN","CIN","","","","","","",""
"116","SEA","","","","","","","",""
"117","MIA","","","","","","","",""
"118","WAS","WAS","","","","","","",""
"119","MIL","","","","","","","",""
"120","SDN","SDN","MIN","","","","","",""
"121","OAK","OAK","OAK","OAK","","","","",""
"122","SDN","SDN","SDN","HOU","TEX","","","",""
"123","CHA","OAK","","","","","","",""
"124","PHI","PHI","PHI","PHI","PIT","","","",""
"125","SLN","NYN","NYN","ATL","","","","",""
"126","ARI","CLE","CLE","CLE","","","","",""
"127","TOR","TOR","TOR","TOR","TOR","","","",""
"128","NYN","NYN","NYN","LAN","CHN","","","",""
"129","NYN","NYN","SEA","","","","","",""
"130","ATL","ATL","ATL","LAN","","","","",""
"131","NYN","NYN","BOS","BOS","ATL","","","",""
"132","SEA","SEA","SEA","SEA","","","","",""
"133","TOR","TOR","","","","","","",""
"134","CHA","","","","","","","",""
"135","BOS","BOS","LAN","LAN","LAN","","","",""
"136","CHA","CHA","CHA","CHA","LAA","CHA","","",""
"137","TBA","TBA","","","","","","",""
"138","SEA","BOS","PIT","HOU","TBA","","","",""
"139","LAA","LAA","","","","","","",""
"140","CHN","CHN","","","","","","",""
"141","PIT","SEA","SEA","","","","","",""
"142","BAL","","","","","","","",""
"143","COL","COL","COL","COL","SLN","","","",""
"144","LAN","LAN","CHA","TBA","","","","",""
"145","CHN","TBA","TBA","TBA","","","","",""
"146","TBA","","","","","","","",""
"147","SDN","MIA","ARI","TBA","","","","",""
"148","BAL","ARI","","","","","","",""
"149","LAA","CIN","","","","","","",""
"150","TBA","","","","","","","",""
"151","DET","DET","MIA","","","","","",""
"152","SFN","SFN","SFN","SFN","SFN","","","",""
"153","TEX","TEX","TEX","TEX","TEX","","","",""
"154","NYN","SFN","SLN","SLN","NYA","NYA","","",""
"155","TEX","","","","","","","",""
"156","DET","DET","DET","SDN","SDN","","","",""
"157","MIN","","","","","","","",""
"158","BAL","ARI","","","","","","",""
"159","CHN","","","","","","","",""
"160","COL","COL","","","","","","",""
"161","BAL","BAL","CHN","","","","","",""
"162","SLN","SLN","TEX","","","","","",""
"163","WAS","WAS","WAS","PHI","CIN","LAN","","",""
"164","MIN","MIN","MIN","","","","","",""
"165","DET","BOS","BAL","CHN","","","","",""
"166","NYA","NYA","NYA","NYA","","","","",""
"167","COL","COL","COL","COL","","","","",""
"168","MIL","KCA","MIL","","","","","",""
"169","KCA","DET","BAL","BAL","","","","",""
"170","ATL","ATL","ATL","","","","","",""
"171","COL","COL","COL","","","","","",""
"172","BOS","BOS","","","","","","",""
"173","MIL","MIL","MIL","BOS","","","","",""
"174","COL","OAK","NYA","","","","","",""
"175","LAN","LAN","LAN","PHI","","","","",""
"176","NYA","","","","","","","",""
"177","WAS","HOU","","","","","","",""
"178","COL","COL","COL","COL","COL","","","",""
"179","MIN","MIN","","","","","","",""
"180","SFN","OAK","HOU","TEX","","","","",""
"181","PIT","NYN","NYN","","","","","",""
"182","OAK","","","","","","","",""
"183","LAN","","","","","","","",""
"184","TEX","PHI","PHI","","","","","",""
"185","SFN","SFN","SFN","SFN","","","","",""
"186","ARI","ARI","TOR","SEA","","","","",""
"187","SDN","SDN","SDN","SDN","OAK","TEX","","",""
"188","PHI","PHI","LAN","LAA","KCA","PIT","","",""
"189","SLN","MIL","MIL","","","","","",""
"190","OAK","OAK","OAK","WAS","NYN","","","",""
"191","ARI","ARI","ARI","SEA","SEA","","","",""
"192","ARI","ARI","","","","","","",""
"193","SFN","SFN","","","","","","",""
"194","DET","DET","NYA","LAA","CIN","","","",""
"195","BOS","BOS","BOS","","","","","",""
"196","MIL","","","","","","","",""
"197","SLN","SLN","SLN","COL","","","","",""
"198","HOU","HOU","CHN","PHI","","","","",""
"199","ARI","LAN","","","","","","",""
"200","SEA","DET","","","","","","",""
"201","FLO","MIA","TOR","KCA","CHN","ATL","CHA","",""
"202","TEX","","","","","","","",""
"203","NYA","","","","","","","",""
"204","TEX","TEX","CHN","","","","","",""
"205","ATL","ATL","CHN","","","","","",""
"206","LAA","","","","","","","",""
"207","HOU","KCA","TBA","CIN","CIN","","","",""
"208","LAA","LAA","LAA","SLN","SLN","","","",""
"209","MIA","MIA","","","","","","",""
"210","HOU","ATL","ATL","CLE","CLE","CLE","ATL","",""
"211","BOS","BOS","CHN","CHN","","","","",""
"212","PIT","PHI","","","","","","",""
"213","SDN","SDN","TBA","TBA","","","","",""
"214","TOR","DET","","","","","","",""
"215","NYN","SDN","MIN","","","","","",""
"216","SDN","SDN","SDN","BAL","BAL","","","",""
"217","ARI","","","","","","","",""
"218","NYA","","","","","","","",""
"219","MIL","","","","","","","",""
"220","OAK","","","","","","","",""
"221","ARI","","","","","","","",""
"222","BOS","BOS","BOS","","","","","",""
"223","SEA","","","","","","","",""
"224","CLE","CLE","CLE","CLE","CLE","","","",""
"225","MIA","MIA","CHA","","","","","",""
"226","ARI","LAA","","","","","","",""
"227","LAA","","","","","","","",""
"228","MIL","MIL","MIL","MIL","MIL","","","",""
"229","CIN","CIN","","","","","","",""
"230","ARI","","","","","","","",""
"231","BOS","","","","","","","",""
"232","OAK","ARI","BOS","BOS","BOS","BOS","","",""
"233","TBA","","","","","","","",""
"234","ARI","","","","","","","",""
"235","ATL","","","","","","","",""
"236","TBA","TBA","COL","NYA","PHI","MIA","","",""
"237","ARI","","","","","","","",""
"238","BOS","BOS","","","","","","",""
"239","BAL","BAL","BAL","BAL","BAL","","","",""
"240","SFN","","","","","","","",""
"241","WAS","","","","","","","",""
"242","KCA","KCA","OAK","","","","","",""
"243","COL","COL","COL","COL","COL","","","",""
"244","SLN","COL","NYN","NYN","","","","",""
"245","SLN","","","","","","","",""
"246","COL","COL","","","","","","",""
"247","WAS","WAS","WAS","BOS","","","","",""
"248","PHI","PHI","PHI","PHI","PHI","","","",""
"249","PIT","","","","","","","",""
"250","SFN","","","","","","","",""
"251","MIA","","","","","","","",""
"252","SFN","","","","","","","",""
"253","LAN","KCA","CIN","CIN","CIN","MIL","MIL","SLN",""
"254","PIT","","","","","","","",""
"255","CIN","CIN","CIN","CIN","CIN","","","",""
"256","PHI","","","","","","","",""
"257","CHA","CHA","","","","","","",""
"258","CHN","","","","","","","",""
"259","PHI","PHI","","","","","","",""
"260","HOU","HOU","","","","","","",""
"261","BOS","BOS","BOS","BOS","BOS","","","",""
"262","NYN","","","","","","","",""
"263","ATL","","","","","","","",""
"264","FLO","MIA","NYN","PIT","SEA","LAA","","",""
"265","LAA","SDN","","","","","","",""
"266","CLE","HOU","","","","","","",""
"267","CHA","MIA","TOR","TOR","TOR","","","",""
"268","KCA","KCA","KCA","","","","","",""
"269","FLO","TBA","","","","","","",""
"270","LAA","","","","","","","",""
"271","SFN","SFN","SFN","SFN","SFN","","","",""
"272","BAL","","","","","","","",""
"273","NYA","ATL","","","","","","",""
"274","ARI","","","","","","","",""
"275","MIL","","","","","","","",""
"276","NYN","","","","","","","",""
"277","NYA","PIT","PIT","PHI","PIT","","","",""
"278","MIN","MIN","BAL","CHN","","","","",""
"279","WAS","WAS","LAA","LAA","","","","",""
"280","OAK","OAK","","","","","","",""
"281","SDN","TEX","","","","","","",""
"282","PIT","","","","","","","",""
"283","SFN","","","","","","","",""
"284","SFN","SFN","WAS","","","","","",""
"285","ARI","MIN","","","","","","",""
"286","CIN","MIN","MIN","MIN","","","","",""
"287","TEX","TOR","","","","","","",""
"288","LAN","","","","","","","",""
"289","MIN","MIN","MIN","LAN","LAN","LAA","KCA","",""
"290","KCA","KCA","KCA","KCA","OAK","","","",""
"291","BOS","","","","","","","",""
"292","COL","COL","","","","","","",""
"293","TEX","SLN","TBA","","","","","",""
"294","SLN","SLN","","","","","","",""
"295","MIN","","","","","","","",""
"296","NYN","NYN","NYN","","","","","",""
"297","CHN","CHN","BOS","NYN","PIT","PHI","CIN","SFN",""
"298","NYA","NYA","BAL","","","","","",""
"299","CHN","CHN","","","","","","",""
"300","CLE","CLE","CLE","CLE","WAS","TBA","","",""
"301","COL","","","","","","","",""
"302","SDN","SDN","SDN","SDN","BAL","","","",""
"303","KCA","SFN","TOR","TOR","CHA","","","",""
"304","DET","DET","DET","DET","DET","","","",""
"305","CLE","SFN","","","","","","",""
"306","CIN","","","","","","","",""
"307","OAK","ARI","ARI","ARI","ATL","CHN","","",""
"308","KCA","KCA","KCA","KCA","KCA","","","",""
"309","SFN","SFN","SFN","SFN","SFN","","","",""
"310","CIN","CIN","","","","","","",""
"311","LAA","LAA","LAA","LAA","","","","",""
"312","KCA","","","","","","","",""
"313","LAA","LAA","LAA","OAK","OAK","ATL","LAN","",""
"314","BOS","FLO","","","","","","",""
"315","MIA","MIA","PIT","","","","","",""
"316","CHN","CHN","ARI","ARI","LAA","","","",""
"317","NYN","NYN","","","","","","",""
"318","SDN","SDN","","","","","","",""
"319","TOR","CHN","CHN","PHI","","","","",""
"320","HOU","","","","","","","",""
"321","OAK","","","","","","","",""
"322","NYA","NYA","NYA","SEA","SEA","","","",""
"323","SDN","","","","","","","",""
"324","TBA","CLE","","","","","","",""
"325","SEA","SEA","MIA","MIA","","","","",""
"326","MIN","MIN","","","","","","",""
"327","NYN","LAN","LAN","BOS","NYA","NYA","","",""
"328","CHN","","","","","","","",""
"329","OAK","OAK","","","","","","",""
"330","CLE","","","","","","","",""
"331","NYA","NYN","NYN","","","","","",""
"332","CLE","CLE","TBA","PHI","LAN","HOU","","",""
"333","PHI","SDN","TOR","","","","","",""
"334","SLN","SLN","","","","","","",""
"335","CHN","BOS","","","","","","",""
"336","HOU","HOU","TOR","ATL","ATL","NYA","WAS","",""
"337","LAA","LAA","LAA","ATL","","","","",""
"338","SLN","SLN","SLN","SLN","SLN","","","",""
"339","SEA","SEA","BOS","BOS","TEX","","","",""
"340","CLE","CLE","CLE","CLE","","","","",""
"341","NYN","NYN","","","","","","",""
"342","CLE","CLE","PHI","CLE","DET","TOR","","",""
"343","TOR","TOR","","","","","","",""
"344","MIL","WAS","","","","","","",""
"345","LAN","MIN","MIN","KCA","","","","",""
"346","CHA","CHA","","","","","","",""
"347","MIN","CLE","","","","","","",""
"348","NYN","NYN","","","","","","",""
"349","OAK","OAK","HOU","HOU","HOU","","","",""
"350","TBA","TBA","","","","","","",""
"351","CHN","SDN","SDN","SDN","SDN","","","",""
"352","MIN","MIN","BAL","BAL","","","","",""
"353","LAA","LAA","","","","","","",""
"354","LAN","LAN","","","","","","",""
"355","DET","DET","DET","","","","","",""
"356","ARI","","","","","","","",""
"357","CHN","","","","","","","",""
"358","BOS","BOS","","","","","","",""
"359","CHN","CHN","CHN","CHN","CHN","SEA","ARI","",""
"360","OAK","","","","","","","",""
"361","ATL","","","","","","","",""
"362","HOU","HOU","HOU","HOU","","","","",""
"363","LAN","","","","","","","",""
"364","TOR","COL","","","","","","",""
"365","CHA","","","","","","","",""
"366","CHA","COL","","","","","","",""
"367","CHN","CHN","CHN","CHN","CHN","","","",""
"368","BOS","BOS","","","","","","",""
"369","TOR","TOR","TOR","TOR","TOR","","","",""
"370","NYN","","","","","","","",""
"371","FLO","","","","","","","",""
"372","PIT","NYN","HOU","SDN","PHI","","","",""
"373","HOU","HOU","HOU","WAS","WAS","WAS","TBA","",""
"374","NYN","NYN","MIL","","","","","",""
"375","NYA","NYA","NYA","NYA","PIT","","","",""
"376","OAK","OAK","OAK","BOS","DET","NYN","","",""
"377","COL","COL","COL","COL","ARI","","","",""
"378","ARI","ARI","","","","","","",""
"379","SLN","SLN","SLN","","","","","",""
"380","NYA","NYA","NYA","DET","DET","KCA","","",""
"381","CIN","CIN","CIN","CIN","CIN","","","",""
"382","CHN","","","","","","","",""
"383","HOU","HOU","HOU","","","","","",""
"384","LAA","COL","COL","COL","","","","",""
"385","TEX","BAL","SEA","SEA","","","","",""
"386","NYA","NYA","ARI","ARI","","","","",""
"387","KCA","TOR","OAK","OAK","OAK","OAK","","",""
"388","KCA","KCA","KCA","KCA","CLE","","","",""
"389","BAL","BAL","BAL","BAL","","","","",""
"390","TBA","TEX","TEX","TEX","","","","",""
"391","CLE","CLE","CLE","CLE","CLE","","","",""
"392","FLO","MIA","LAN","SLN","SLN","SLN","","",""
"393","OAK","TEX","TEX","","","","","",""
"394","CLE","CLE","CIN","TEX","TEX","","","",""
"395","SFN","SFN","","","","","","",""
"396","CIN","CIN","","","","","","",""
"397","MIL","","","","","","","",""
"398","CIN","CIN","CIN","CIN","","","","",""
"399","PIT","BOS","BOS","SDN","KCA","KCA","ATL","",""
"400","FLO","MIA","MIA","MIA","MIA","SLN","","",""
"401","HOU","HOU","","","","","","",""
"402","NYA","NYA","","","","","","",""
"403","HOU","","","","","","","",""
"404","MIL","","","","","","","",""
"405","BAL","","","","","","","",""
"406","TEX","TEX","","","","","","",""
"407","PIT","","","","","","","",""
"408","HOU","HOU","","","","","","",""
"409","SLN","SLN","SLN","CHA","","","","",""
"410","CHN","CHN","CHN","BAL","BAL","BAL","","",""
"411","WAS","WAS","WAS","WAS","OAK","NYN","","",""
"412","PHI","PHI","","","","","","",""
"413","TBA","TBA","TBA","TBA","","","","",""
"414","TOR","LAA","","","","","","",""
"415","WAS","LAN","","","","","","",""
"416","FLO","MIA","MIA","CHN","CHN","","","",""
"417","DET","DET","DET","DET","CHN","TOR","","",""
"418","MIN","MIN","TOR","","","","","",""
"419","WAS","","","","","","","",""
"420","PIT","PIT","PIT","","","","","",""
"421","CHN","CHN","KCA","","","","","",""
"422","KCA","","","","","","","",""
"423","KCA","KCA","KCA","KCA","KCA","","","",""
"424","KCA","KCA","KCA","KCA","","","","",""
"425","DET","DET","","","","","","",""
"426","ARI","ARI","ARI","ARI","ARI","","","",""
"427","TBA","TBA","TBA","","","","","",""
"428","NYA","OAK","OAK","NYN","NYN","","","",""
"429","KCA","KCA","","","","","","",""
"430","KCA","","","","","","","",""
"431","CHN","COL","COL","SFN","","","","",""
"432","NYN","","","","","","","",""
"433","LAA","LAA","LAA","LAA","HOU","","","",""
"434","MIA","","","","","","","",""
"435","ATL","MIL","TBA","SDN","","","","",""
"436","ATL","ATL","ATL","ATL","","","","",""
"437","CIN","CIN","","","","","","",""
"438","PHI","PHI","PIT","","","","","",""
"439","COL","BOS","","","","","","",""
"440","ARI","OAK","OAK","OAK","OAK","BOS","","",""
"441","SLN","","","","","","","",""
"442","TOR","TOR","","","","","","",""
"443","TOR","","","","","","","",""
"444","WAS","","","","","","","",""
"445","ARI","ARI","ARI","","","","","",""
"446","CIN","","","","","","","",""
"447","CIN","TOR","HOU","","","","","",""
"448","SFN","MIA","","","","","","",""
"449","LAN","","","","","","","",""
"450","ATL","","","","","","","",""
"451","CHN","COL","","","","","","",""
"452","HOU","HOU","HOU","HOU","TEX","","","",""
"453","HOU","","","","","","","",""
"454","PIT","PIT","MIN","MIN","LAN","PHI","","",""
"455","SEA","","","","","","","",""
"456","HOU","HOU","MIA","MIA","","","","",""
"457","CIN","","","","","","","",""
"458","NYA","","","","","","","",""
"459","TEX","TEX","MIL","MIN","","","","",""
"460","LAN","LAN","OAK","","","","","",""
"461","MIL","","","","","","","",""
"462","FLO","MIA","LAA","","","","","",""
"463","LAA","","","","","","","",""
"464","ARI","OAK","NYN","LAA","LAA","LAA","","",""
"465","CIN","CIN","CIN","CIN","CIN","","","",""
"466","SLN","SLN","SLN","SLN","BOS","BOS","","",""
"467","CHA","CHA","CHA","","","","","",""
"468","OAK","","","","","","","",""
"469","MIL","","","","","","","",""
"470","SFN","SFN","SFN","SFN","SFN","","","",""
"471","BOS","BOS","LAN","LAN","LAN","","","",""
"472","TOR","","","","","","","",""
"473","OAK","OAK","OAK","OAK","OAK","","","",""
"474","CLE","CLE","","","","","","",""
"475","LAA","LAA","","","","","","",""
"476","DET","","","","","","","",""
"477","PIT","","","","","","","",""
"478","KCA","KCA","KCA","KCA","","","","",""
"479","CLE","HOU","","","","","","",""
"480","TBA","PIT","","","","","","",""
"481","LAN","LAN","NYA","","","","","",""
"482","TEX","TEX","TEX","BAL","SEA","","","",""
"483","HOU","HOU","","","","","","",""
"484","SLN","SLN","SLN","SLN","SLN","","","",""
"485","MIN","COL","COL","COL","NYN","","","",""
"486","CIN","CIN","CIN","CIN","CIN","KCA","","",""
"487","SFN","COL","COL","","","","","",""
"488","PIT","PIT","","","","","","",""
"489","SDN","CLE","","","","","","",""
"490","ATL","","","","","","","",""
"491","ATL","ATL","","","","","","",""
"492","SLN","","","","","","","",""
"493","SEA","","","","","","","",""
"494","KCA","","","","","","","",""
"495","COL","NYA","NYA","","","","","",""
"496","TBA","CLE","","","","","","",""
"497","CHA","CHA","CHA","CHA","CHA","","","",""
"498","CHA","CHA","CHA","PHI","","","","",""
"499","PIT","PIT","PIT","PHI","","","","",""
"500","NYN","NYN","NYN","","","","","",""
"501","SDN","SDN","","","","","","",""
"502","MIN","","","","","","","",""
"503","TEX","TEX","TEX","","","","","",""
"504","ARI","","","","","","","",""
"505","KCA","NYA","","","","","","",""
"506","MIL","","","","","","","",""
"507","BAL","","","","","","","",""
"508","TEX","BAL","BAL","BAL","BAL","BAL","","",""
"509","CHN","","","","","","","",""
"510","WAS","","","","","","","",""
"511","NYN","NYN","NYN","NYN","PIT","OAK","","",""
"512","MIL","MIL","MIL","","","","","",""
"513","TOR","TOR","TOR","DET","DET","","","",""
"514","TBA","TBA","KCA","KCA","KCA","","","",""
"515","CHA","CHA","CHA","CHA","BAL","BAL","BOS","SFN",""
"516","SDN","","","","","","","",""
"517","SDN","PIT","PIT","","","","","",""
"518","SDN","MIN","MIN","MIN","HOU","HOU","","",""
"519","PHI","PHI","PHI","PHI","PHI","","","",""
"520","NYN","NYN","","","","","","",""
"521","OAK","CHN","CHN","WAS","TBA","TBA","TBA","LAA",""
"522","LAN","LAN","BOS","CIN","","","","",""
"523","SEA","SEA","TOR","TOR","TOR","TOR","","",""
"524","MIL","","","","","","","",""
"525","TBA","","","","","","","",""
"526","TBA","TBA","LAA","LAA","","","","",""
"527","ARI","ARI","","","","","","",""
"528","COL","COL","COL","COL","COL","","","",""
"529","LAN","LAN","BOS","BOS","ARI","","","",""
"530","BOS","","","","","","","",""
"531","HOU","HOU","","","","","","",""
"532","ATL","ATL","ARI","ARI","ARI","","","",""
"533","WAS","","","","","","","",""
"534","OAK","OAK","","","","","","",""
"535","HOU","HOU","","","","","","",""
"536","ARI","ARI","","","","","","",""
"537","CHN","CHN","TEX","BOS","","","","",""
"538","NYN","NYN","WAS","","","","","",""
"539","CIN","","","","","","","",""
"540","SDN","SDN","SDN","SDN","SEA","CHN","","",""
"541","NYA","","","","","","","",""
"542","SFN","WAS","TOR","","","","","",""
"543","SLN","SLN","SLN","SLN","COL","","","",""
"544","MIA","CIN","","","","","","",""
"545","TEX","","","","","","","",""
"546","WAS","WAS","WAS","WAS","WAS","","","",""
"547","SDN","SDN","","","","","","",""
"548","WAS","WAS","WAS","WAS","TEX","ATL","","",""
"549","OAK","","","","","","","",""
"550","MIN","MIN","","","","","","",""
"551","CHN","CHN","ATL","","","","","",""
"552","MIN","MIN","MIN","","","","","",""
"553","PIT","","","","","","","",""
"554","LAA","COL","","","","","","",""
"555","BOS","TOR","TOR","","","","","",""
"556","CLE","","","","","","","",""
"557","CIN","CIN","","","","","","",""
"558","PIT","ATL","ATL","MIA","","","","",""
"559","SDN","","","","","","","",""
"560","NYA","NYA","BAL","CLE","","","","",""
"561","COL","COL","COL","","","","","",""
"562","NYN","NYN","TOR","TOR","TOR","","","",""
"563","SLN","SLN","","","","","","",""
"564","PHI","PHI","PHI","PHI","TEX","","","",""
"565","MIA","MIA","MIA","","","","","",""
"566","MIL","","","","","","","",""
"567","WAS","","","","","","","",""
"568","MIL","MIL","","","","","","",""
"569","MIN","","","","","","","",""
"570","DET","DET","DET","","","","","",""
"571","FLO","MIA","MIA","MIA","WAS","","","",""
"572","CHN","CHN","CHN","","","","","",""
"573","SFN","CIN","","","","","","",""
"574","LAN","LAN","TBA","","","","","",""
"575","FLO","HOU","HOU","HOU","","","","",""
"576","CLE","CLE","","","","","","",""
"577","OAK","OAK","OAK","TOR","","","","",""
"578","OAK","OAK","OAK","OAK","","","","",""
"579","ARI","","","","","","","",""
"580","TOR","SLN","DET","DET","","","","",""
"581","BOS","BOS","BOS","BOS","CHN","TOR","OAK","",""
"582","PIT","MIN","MIN","ATL","","","","",""
"583","DET","DET","HOU","","","","","",""
"584","HOU","HOU","","","","","","",""
"585","LAA","LAA","LAA","ATL","CHA","KCA","","",""
"586","MIN","MIN","MIN","MIN","","","","",""
"587","TOR","TOR","TOR","TOR","CHA","","","",""
"588","BAL","","","","","","","",""
"589","BOS","","","","","","","",""
"590","ARI","ARI","OAK","BOS","BOS","NYA","NYA","",""
"591","ARI","","","","","","","",""
"592","NYN","NYN","NYN","NYN","NYN","","","",""
"593","MIN","MIN","MIN","MIN","MIN","","","",""
"594","MIN","","","","","","","",""
"595","KCA","KCA","KCA","KCA","KCA","","","",""
"596","SFN","SFN","","","","","","",""
"597","HOU","","","","","","","",""
"598","ARI","WAS","WAS","CIN","MIL","CHA","","",""
"599","OAK","","","","","","","",""
"600","MIN","","","","","","","",""
"601","CLE","CLE","TBA","","","","","",""
"602","CHA","CHA","CHA","CHA","OAK","","","",""
"603","SFN","SFN","","","","","","",""
"604","FLO","MIA","MIA","MIA","MIA","","","",""
"605","HOU","","","","","","","",""
"606","CLE","ATL","PHI","","","","","",""
"607","SFN","CIN","","","","","","",""
"608","KCA","","","","","","","",""
"609","TBA","","","","","","","",""
"610","KCA","KCA","KCA","KCA","KCA","","","",""
"611","TOR","MIA","MIA","MIA","TEX","","","",""
"612","SLN","","","","","","","",""
"613","ARI","ARI","CHA","CHA","","","","",""
"614","NYN","NYN","NYN","","","","","",""
"615","SFN","SFN","","","","","","",""
"616","CHN","","","","","","","",""
"617","TEX","TEX","SDN","","","","","",""
"618","NYN","","","","","","","",""
"619","PHI","","","","","","","",""
"620","TBA","COL","","","","","","",""
"621","LAN","LAN","LAN","","","","","",""
"622","DET","","","","","","","",""
"623","SEA","SEA","","","","","","",""
"624","MIA","","","","","","","",""
"625","LAN","LAN","LAN","LAN","LAN","","","",""
"626","OAK","COL","LAN","LAN","SLN","","","",""
"627","BOS","BOS","BOS","NYA","NYA","","","",""
"628","ARI","HOU","CIN","TBA","","","","",""
"629","LAN","LAN","","","","","","",""
"630","NYN","","","","","","","",""
"631","TOR","TOR","TOR","TOR","TOR","","","",""
"632","ARI","LAA","LAA","","","","","",""
"633","LAN","LAN","MIA","MIA","MIA","NYA","","",""
"634","TEX","NYA","NYA","","","","","",""
"635","SDN","SDN","SDN","","","","","",""
"636","COL","COL","COL","","","","","",""
"637","HOU","","","","","","","",""
"638","KCA","KCA","KCA","KCA","KCA","","","",""
"639","CHA","CHA","MIN","MIN","MIN","MIN","","",""
"640","BOS","","","","","","","",""
"641","TOR","TOR","TBA","TBA","WAS","","","",""
"642","WAS","WAS","WAS","WAS","WAS","","","",""
"643","MIL","MIL","MIL","MIL","TOR","","","",""
"644","LAN","LAN","LAN","LAN","LAN","","","",""
"645","NYN","ARI","","","","","","",""
"646","LAN","BAL","NYN","ATL","","","","",""
"647","CLE","","","","","","","",""
"648","BAL","","","","","","","",""
"649","BAL","","","","","","","",""
"650","KCA","KCA","MIL","SDN","","","","",""
"651","NYN","NYN","NYN","NYN","","","","",""
"652","DET","DET","","","","","","",""
"653","TBA","TBA","TBA","PIT","NYN","HOU","","",""
"654","TOR","SEA","SEA","SEA","","","","",""
"655","MIL","MIL","","","","","","",""
"656","TEX","","","","","","","",""
"657","LAA","","","","","","","",""
"658","LAN","LAN","LAN","LAN","","","","",""
"659","TEX","","","","","","","",""
"660","TEX","TEX","CHN","BAL","HOU","HOU","","",""
"661","NYN","","","","","","","",""
"662","HOU","","","","","","","",""
"663","TEX","TEX","TEX","TEX","TEX","DET","","",""
"664","MIA","MIA","MIA","","","","","",""
"665","DET","","","","","","","",""
"666","SLN","HOU","","","","","","",""
"667","DET","","","","","","","",""
"668","HOU","HOU","HOU","","","","","",""
"669","MIL","DET","DET","TEX","TEX","","","",""
"670","COL","COL","LAA","TEX","","","","",""
"671","MIN","MIN","MIN","MIN","","","","",""
"672","MIL","MIL","MIL","MIL","MIL","HOU","","",""
"673","LAN","LAN","LAN","","","","","",""
"674","MIL","MIL","","","","","","",""
"675","SEA","SEA","LAN","","","","","",""
"676","TBA","NYA","","","","","","",""
"677","HOU","","","","","","","",""
"678","OAK","OAK","TEX","","","","","",""
"679","KCA","KCA","CIN","","","","","",""
"680","CIN","","","","","","","",""
"681","SEA","DET","DET","DET","WAS","WAS","","",""
"682","BAL","BAL","BAL","BAL","","","","",""
"683","COL","COL","","","","","","",""
"684","WAS","WAS","","","","","","",""
"685","MIA","","","","","","","",""
"686","NYA","","","","","","","",""
"687","NYN","NYN","NYN","","","","","",""
"688","BAL","MIN","MIN","MIN","PIT","","","",""
"689","CHA","CHA","CHA","CHA","CHA","","","",""
"690","CHA","CHA","CHA","ATL","CLE","","","",""
"691","MIA","MIA","","","","","","",""
"692","HOU","ATL","","","","","","",""
"693","SFN","PHI","","","","","","",""
"694","TEX","TEX","","","","","","",""
"695","SFN","","","","","","","",""
"696","BAL","","","","","","","",""
"697","SLN","","","","","","","",""
"698","SDN","SDN","SDN","TBA","TBA","","","",""
"699","COL","COL","COL","HOU","CHN","","","",""
"700","BAL","","","","","","","",""
"701","PHI","TOR","HOU","TBA","NYA","","","",""
"702","TOR","NYN","NYN","CHA","","","","",""
"703","KCA","COL","COL","CIN","OAK","NYA","TOR","",""
"704","KCA","KCA","KCA","SFN","SDN","PHI","","",""
"705","CIN","ATL","ATL","MIL","TOR","","","",""
"706","PHI","PHI","","","","","","",""
"707","PHI","PHI","WAS","SFN","","","","",""
"708","SEA","SEA","TBA","TBA","","","","",""
"709","SLN","","","","","","","",""
"710","TOR","CHA","TOR","TEX","TEX","KCA","KCA","ATL",""
"711","CIN","CIN","CIN","CIN","CIN","","","",""
"712","ATL","ATL","ATL","ATL","ATL","","","",""
"713","CIN","","","","","","","",""
"714","SLN","SLN","SLN","TEX","","","","",""
"715","SLN","SLN","SLN","LAA","LAA","","","",""
"716","OAK","OAK","","","","","","",""
"717","LAN","LAN","","","","","","",""
"718","COL","COL","COL","","","","","",""
"719","SDN","SDN","LAA","LAA","LAA","PIT","TBA","",""
"720","PIT","PIT","MIN","MIN","MIN","","","",""
"721","OAK","OAK","SLN","","","","","",""
"722","SDN","","","","","","","",""
"723","CHN","CHN","TEX","","","","","",""
"724","CHN","CLE","CHA","","","","","",""
"725","HOU","SDN","","","","","","",""
"726","TBA","TBA","TBA","OAK","MIN","OAK","OAK","",""
"727","DET","SEA","SEA","SEA","SEA","SEA","","",""
"728","LAN","SLN","SLN","MIA","","","","",""
"729","ARI","HOU","","","","","","",""
"730","SDN","","","","","","","",""
"731","MIL","MIL","MIL","MIL","TEX","","","",""
"732","TEX","","","","","","","",""
"733","PHI","PHI","PHI","PHI","","","","",""
"734","MIL","MIL","","","","","","",""
"735","SDN","SDN","","","","","","",""
"736","ATL","","","","","","","",""
"737","DET","DET","CHA","CHA","CHA","","","",""
"738","WAS","","","","","","","",""
"739","NYA","NYA","BAL","ATL","","","","",""
"740","SLN","SLN","","","","","","",""
"741","SFN","SFN","SFN","SFN","SFN","","","",""
"742","SLN","SLN","SLN","SLN","SLN","","","",""
"743","BAL","","","","","","","",""
"744","TEX","CHA","CHA","CHA","","","","",""
"745","PHI","PHI","PHI","","","","","",""
"746","LAN","","","","","","","",""
"747","LAN","LAN","","","","","","",""
"748","NYA","NYA","NYA","NYA","NYA","","","",""
"749","LAN","COL","","","","","","",""
"750","COL","","","","","","","",""
"751","COL","","","","","","","",""
"752","NYA","","","","","","","",""
"753","CHN","CHN","CHN","TEX","MIL","MIL","","",""
"754","SLN","","","","","","","",""
"755","BOS","","","","","","","",""
"756","ATL","ATL","HOU","","","","","",""
"757","CHN","","","","","","","",""
"758","WAS","MIA","SFN","","","","","",""
"759","BAL","BAL","BAL","","","","","",""
"760","ATL","ATL","ATL","SFN","","","","",""
"761","NYN","NYN","NYN","NYN","NYN","","","",""
"762","LAA","TBA","TBA","","","","","",""
"763","MIL","MIL","MIL","","","","","",""
"764","TEX","TEX","TEX","OAK","OAK","","","",""
"765","TEX","","","","","","","",""
"766","CLE","BOS","CHN","TOR","TEX","","","",""
"767","NYN","NYN","CHN","COL","","","","",""
"768","KCA","KCA","KCA","TOR","","","","",""
"769","COL","COL","CLE","CLE","","","","",""
"770","KCA","KCA","KCA","KCA","LAA","","","",""
"771","LAN","","","","","","","",""
"772","MIN","MIN","MIN","","","","","",""
"773","PHI","PHI","","","","","","",""
"774","SFN","SFN","CHA","CHA","CHA","LAA","","",""
"775","ARI","SFN","CHN","SEA","TOR","MIA","","",""
"776","NYN","","","","","","","",""
"777","SEA","TBA","TBA","TEX","CLE","TEX","","",""
"778","LAN","CHA","CHA","","","","","",""
"779","MIL","MIL","","","","","","",""
"780","BAL","","","","","","","",""
"781","TOR","","","","","","","",""
"782","PHI","","","","","","","",""
"783","OAK","OAK","","","","","","",""
"784","ARI","","","","","","","",""
"785","SDN","","","","","","","",""
"786","NYN","NYN","","","","","","",""
"787","MIL","","","","","","","",""
"788","TOR","TOR","TOR","","","","","",""
"789","ARI","ARI","ARI","ARI","ARI","","","",""
"790","NYA","","","","","","","",""
"791","TBA","TBA","TBA","TBA","TBA","","","",""
"792","CIN","WAS","OAK","BOS","BOS","OAK","ATL","KCA",""
"793","TOR","CLE","CLE","CLE","","","","",""
"794","MIL","MIL","MIL","MIL","MIL","HOU","","",""
"795","COL","MIL","MIL","","","","","",""
"796","CLE","CLE","PIT","PIT","PHI","","","",""
"797","BOS","","","","","","","",""
"798","BOS","BOS","LAN","LAN","LAN","LAN","","",""
"799","ATL","MIL","MIL","DET","","","","",""
"800","SDN","TEX","CHN","NYA","","","","",""
"801","COL","COL","COL","COL","COL","","","",""
"802","TEX","","","","","","","",""
"803","COL","HOU","TOR","HOU","","","","",""
"804","DET","","","","","","","",""
"805","OAK","WAS","WAS","WAS","WAS","","","",""
"806","HOU","HOU","HOU","HOU","","","","",""
"807","SLN","SLN","","","","","","",""
"808","BAL","TEX","WAS","MIL","","","","",""
"809","BAL","BAL","BAL","BAL","","","","",""
"810","CHA","","","","","","","",""
"811","PHI","","","","","","","",""
"812","PHI","","","","","","","",""
"813","NYA","","","","","","","",""
"814","KCA","KCA","KCA","KCA","KCA","","","",""
"815","NYA","","","","","","","",""
"816","LAN","LAN","LAN","LAN","MIA","","","",""
"817","KCA","KCA","","","","","","",""
"818","WAS","WAS","MIL","MIL","DET","","","",""
"819","TOR","TOR","TOR","DET","","","","",""
"820","ARI","ARI","ARI","","","","","",""
"821","ATL","ATL","ATL","ARI","","","","",""
"822","LAA","","","","","","","",""
"823","CHN","","","","","","","",""
"824","WAS","","","","","","","",""
"825","MIN","","","","","","","",""
"826","ARI","","","","","","","",""
"827","NYA","NYA","NYA","NYN","NYN","","","",""
"828","SDN","SDN","SDN","LAN","","","","",""
"829","TOR","OAK","","","","","","",""
"830","CHA","SEA","MIN","","","","","",""
"831","COL","","","","","","","",""
"832","OAK","OAK","OAK","","","","","",""
"833","MIA","","","","","","","",""
"834","OAK","LAA","LAA","LAA","","","","",""
"835","MIA","MIA","","","","","","",""
"836","SLN","SLN","","","","","","",""
"837","MIL","","","","","","","",""
"838","NYA","DET","","","","","","",""
"839","MIL","MIL","","","","","","",""
"840","SLN","SLN","HOU","CHA","","","","",""
"841","SDN","SDN","SDN","OAK","HOU","","","",""
"842","BAL","BAL","CHN","MIA","CIN","","","",""
"843","CIN","ARI","ARI","NYA","","","","",""
"844","MIL","MIL","LAA","LAN","LAN","LAN","","",""
"845","SLN","SLN","","","","","","",""
"846","OAK","OAK","","","","","","",""
"847","PIT","PIT","PIT","PIT","LAA","ATL","","",""
"848","TEX","TEX","CHN","CHN","CHN","","","",""
"849","HOU","HOU","HOU","","","","","",""
"850","LAA","","","","","","","",""
"851","SEA","","","","","","","",""
"852","LAN","LAN","","","","","","",""
"853","PIT","","","","","","","",""
"854","LAN","LAN","LAN","CHA","CHA","","","",""
"855","CHA","","","","","","","",""
"856","LAN","LAN","LAN","CHN","MIN","","","",""
"857","BAL","","","","","","","",""
"858","DET","","","","","","","",""
"859","CLE","BAL","TBA","MIL","","","","",""
"860","COL","","","","","","","",""
"861","BAL","COL","KCA","KCA","KCA","KCA","","",""
"862","SEA","SEA","SEA","SEA","","","","",""
"863","ARI","KCA","LAA","SFN","","","","",""
"864","TBA","TBA","TBA","TBA","","","","",""
"865","TBA","","","","","","","",""
"866","SDN","SDN","SDN","HOU","","","","",""
"867","LAN","LAN","PHI","","","","","",""
"868","SDN","SDN","SDN","","","","","",""
"869","MIN","SFN","","","","","","",""
"870","CLE","CLE","NYA","","","","","",""
"871","CLE","CLE","CLE","CLE","CLE","","","",""
"872","ARI","","","","","","","",""
"873","PIT","PIT","TOR","","","","","",""
"874","SDN","OAK","","","","","","",""
"875","WAS","MIL","LAN","LAN","","","","",""
"876","NYN","NYN","CHN","WAS","WAS","","","",""
"877","ATL","ATL","COL","","","","","",""
"878","PHI","PHI","PHI","","","","","",""
"879","HOU","SFN","BAL","","","","","",""
"880","SFN","","","","","","","",""
"881","SEA","","","","","","","",""
"882","MIL","","","","","","","",""
"883","TEX","","","","","","","",""
"884","PHI","PHI","PHI","PHI","PHI","TEX","","",""
"885","CIN","CIN","CIN","","","","","",""
"886","TEX","TEX","LAA","LAA","TEX","","","",""
"887","SLN","","","","","","","",""
"888","COL","BAL","BAL","CHN","OAK","CHN","","",""
"889","ARI","","","","","","","",""
"890","NYN","","","","","","","",""
"891","SDN","","","","","","","",""
"892","FLO","MIA","MIA","MIA","MIA","","","",""
"893","MIL","CIN","","","","","","",""
"894","CIN","CIN","CIN","TBA","BOS","","","",""
"895","CLE","CLE","CIN","CIN","","","","",""
"896","PIT","PIT","BOS","","","","","",""
"897","ATL","ATL","LAA","","","","","",""
"898","HOU","HOU","TOR","TOR","TOR","SEA","PIT","",""
"899","SDN","LAN","SEA","NYN","ATL","PHI","","",""
"900","OAK","","","","","","","",""
"901","DET","DET","","","","","","",""
"902","BAL","BAL","BAL","BAL","BAL","","","",""
"903","LAA","LAA","WAS","LAN","MIA","CHN","","",""
"904","WAS","WAS","WAS","WAS","","","","",""
"905","CHA","HOU","HOU","HOU","HOU","","","",""
"906","LAA","","","","","","","",""
"907","PIT","PIT","PIT","PIT","PIT","","","",""
"908","TEX","TEX","TEX","TEX","TEX","","","",""
"909","SLN","","","","","","","",""
"910","NYN","CIN","","","","","","",""
"911","COL","ARI","ARI","HOU","","","","",""
"912","MIL","MIL","SEA","PIT","","","","",""
"913","NYN","NYN","NYN","","","","","",""
"914","BOS","","","","","","","",""
"915","FLO","MIA","MIA","MIA","LAN","","","",""
"916","SLN","","","","","","","",""
"917","MIL","LAA","NYN","COL","COL","TOR","","",""
"918","LAN","","","","","","","",""
"919","SDN","LAA","","","","","","",""
"920","FLO","MIA","KCA","KCA","CLE","","","",""
"921","CLE","","","","","","","",""
"922","SDN","SDN","SDN","SDN","NYA","NYA","","",""
"923","MIA","LAA","","","","","","",""
"924","CHA","CHA","","","","","","",""
"925","NYA","","","","","","","",""
"926","TOR","MIA","MIA","MIA","","","","",""
"927","SDN","","","","","","","",""
"928","NYN","NYN","","","","","","",""
"929","ARI","","","","","","","",""
"930","CIN","CIN","CIN","CIN","LAN","","","",""
"931","TBA","TBA","TBA","TBA","ARI","","","",""
"932","MIL","","","","","","","",""
"933","FLO","","","","","","","",""
"934","COL","COL","COL","","","","","",""
"935","SFN","BOS","BOS","","","","","",""
"936","MIL","MIL","MIL","","","","","",""
"937","CHN","CHN","","","","","","",""
"938","MIN","MIN","MIN","TOR","KCA","TOR","","",""
"939","BAL","","","","","","","",""
"940","NYN","","","","","","","",""
"941","FLO","SFN","","","","","","",""
"942","CIN","SDN","SDN","","","","","",""
"943","PHI","PHI","PHI","","","","","",""
"944","ARI","ARI","ARI","ARI","","","","",""
"945","ATL","","","","","","","",""
"946","HOU","MIA","LAN","","","","","",""
"947","SEA","SEA","SEA","SEA","SEA","","","",""
"948","PIT","MIA","PIT","","","","","",""
"949","WAS","ATL","MIL","","","","","",""
"950","TEX","","","","","","","",""
"951","ARI","","","","","","","",""
"952","CHA","MIN","COL","","","","","",""
"953","CIN","COL","LAN","","","","","",""
"954","PHI","PHI","","","","","","",""
"955","MIL","NYN","","","","","","",""
"956","NYN","NYN","","","","","","",""
"957","LAN","LAN","MIL","MIL","","","","",""
"958","COL","COL","COL","BOS","CHN","","","",""
"959","KCA","KCA","KCA","KCA","KCA","","","",""
"960","PHI","","","","","","","",""
"961","LAA","","","","","","","",""
"962","MIN","MIN","MIN","MIN","","","","",""
"963","CLE","CLE","","","","","","",""
"964","ARI","","","","","","","",""
"965","LAA","LAA","","","","","","",""
"966","SFN","SFN","","","","","","",""
"967","ATL","ATL","ATL","ATL","SLN","","","",""
"968","MIN","MIN","MIN","","","","","",""
"969","ATL","OAK","SFN","","","","","",""
"970","SEA","","","","","","","",""
"971","TOR","ARI","ARI","ARI","ARI","ARI","","",""
"972","CHN","CHN","MIA","PHI","","","","",""
"973","BOS","BOS","CLE","LAA","NYA","BOS","","",""
"974","TOR","","","","","","","",""
"975","SLN","","","","","","","",""
"976","WAS","WAS","","","","","","",""
"977","BOS","PHI","","","","","","",""
"978","SDN","CHN","","","","","","",""
"979","ATL","ATL","ARI","","","","","",""
"980","KCA","KCA","KCA","KCA","","","","",""
"981","BAL","BAL","HOU","HOU","HOU","","","",""
"982","MIN","","","","","","","",""
"983","LAN","","","","","","","",""
"984","DET","DET","DET","DET","","","","",""
"985","PIT","","","","","","","",""
"986","TEX","TEX","TEX","TEX","TEX","","","",""
"987","KCA","KCA","KCA","KCA","KCA","","","",""
"988","PHI","","","","","","","",""
"989","SLN","SLN","SLN","SLN","SLN","","","",""
"990","ARI","CIN","CIN","","","","","",""
"991","MIN","","","","","","","",""
"992","PIT","BOS","BOS","BOS","","","","",""
"993","CLE","CLE","CIN","","","","","",""
"994","CIN","CIN","CIN","CIN","","","","",""
"995","CIN","PHI","PHI","","","","","",""
"996","KCA","KCA","KCA","KCA","KCA","","","",""
"997","BOS","KCA","","","","","","",""
"998","MIL","","","","","","","",""
"999","CLE","CLE","","","","","","",""
"1000","PHI","PHI","PHI","PHI","PHI","","","",""
"1001","TBA","TBA","LAN","LAN","LAN","","","",""
"1002","NYN","","","","","","","",""
"1003","ARI","ARI","ARI","ARI","","","","",""
"1004","BAL","","","","","","","",""
"1005","SDN","SDN","CHA","","","","","",""
"1006","ATL","ATL","ATL","SFN","SFN","","","",""
"1007","SFN","SFN","","","","","","",""
"1008","CLE","CLE","CLE","NYA","SFN","NYA","LAN","",""
"1009","MIN","","","","","","","",""
"1010","PIT","PIT","PIT","PIT","PIT","","","",""
"1011","MIN","MIN","OAK","","","","","",""
"1012","NYA","NYA","NYA","MIN","MIN","","","",""
"1013","CHA","CHA","HOU","","","","","",""
"1014","SDN","SDN","SDN","SDN","BAL","COL","","",""
"1015","SDN","","","","","","","",""
"1016","LAA","LAA","DET","DET","MIN","","","",""
"1017","TEX","BAL","BAL","BAL","BAL","BAL","CHN","",""
"1018","TOR","TOR","TOR","","","","","",""
"1019","SDN","TOR","","","","","","",""
"1020","COL","LAA","LAA","LAA","LAA","","","",""
"1021","PHI","NYA","SEA","LAA","KCA","","","",""
"1022","LAA","","","","","","","",""
"1023","NYN","TOR","NYA","","","","","",""
"1024","BOS","BOS","BOS","DET","DET","","","",""
"1025","CIN","","","","","","","",""
"1026","ARI","ARI","","","","","","",""
"1027","FLO","MIA","DET","DET","KCA","KCA","","",""
"1028","DET","DET","OAK","PIT","","","","",""
"1029","HOU","","","","","","","",""
"1030","PIT","TEX","","","","","","",""
"1031","MIL","BAL","NYA","PIT","SFN","SFN","PIT","",""
"1032","NYN","LAA","","","","","","",""
"1033","SEA","SEA","SEA","SEA","","","","",""
"1034","BAL","MIL","WAS","CIN","","","","",""
"1035","LAA","LAA","TOR","TOR","","","","",""
"1036","DET","DET","DET","DET","SEA","SEA","CHN","",""
"1037","CHN","ARI","","","","","","",""
"1038","OAK","BOS","","","","","","",""
"1039","CHA","SLN","WAS","CHN","CHN","CHN","ATL","",""
"1040","SDN","","","","","","","",""
"1041","TEX","","","","","","","",""
"1042","SLN","SLN","LAA","","","","","",""
"1043","ARI","","","","","","","",""
"1044","ATL","ATL","","","","","","",""
"1045","BAL","","","","","","","",""
"1046","MIN","","","","","","","",""
"1047","CIN","ATL","ATL","BAL","","","","",""
"1048","SDN","","","","","","","",""
"1049","LAN","LAN","LAN","LAN","LAN","","","",""
"1050","TOR","TOR","TOR","TOR","WAS","","","",""
"1051","PIT","","","","","","","",""
"1052","TBA","SEA","OAK","OAK","TBA","","","",""
"1053","SLN","SLN","SLN","SLN","SLN","","","",""
"1054","KCA","KCA","TOR","TOR","MIL","MIL","","",""
"1055","TOR","TOR","TOR","TOR","","","","",""
"1056","BOS","","","","","","","",""
"1057","MIA","MIA","MIA","CHA","","","","",""
"1058","TBA","TBA","TBA","TBA","TBA","","","",""
"1059","LAA","LAA","LAA","LAA","TBA","MIN","","",""
"1060","NYA","NYA","NYA","NYA","","","","",""
"1061","SEA","PHI","PHI","PHI","MIL","","","",""
"1062","SEA","","","","","","","",""
"1063","LAA","LAA","MIL","BOS","","","","",""
"1064","COL","CLE","CLE","CLE","BAL","BAL","","",""
"1065","SFN","","","","","","","",""
"1066","COL","","","","","","","",""
"1067","BOS","","","","","","","",""
"1068","HOU","HOU","ARI","ATL","ATL","ATL","CLE","",""
"1069","TBA","CHA","BAL","TOR","SLN","","","",""
"1070","TBA","TBA","KCA","ATL","CLE","","","",""
"1071","CHA","CHA","CHA","","","","","",""
"1072","BAL","BAL","BAL","OAK","DET","ATL","LAN","",""
"1073","FLO","MIA","TOR","","","","","",""
"1074","ARI","TOR","TOR","TBA","NYA","BOS","BAL","ATL","NYN"
"1075","PIT","MIN","","","","","","",""
"1076","CHA","","","","","","","",""
"1077","BAL","","","","","","","",""
"1078","CHN","CHN","ATL","ATL","MIA","WAS","","",""
"1079","SDN","NYN","SLN","","","","","",""
"1080","BAL","BAL","BAL","","","","","",""
"1081","CHN","","","","","","","",""
"1082","BAL","BAL","BAL","BAL","BAL","","","",""
"1083","NYA","NYA","","","","","","",""
"1084","ATL","ATL","","","","","","",""
"1085","PIT","PIT","PIT","MIA","NYA","","","",""
"1086","SEA","SEA","","","","","","",""
"1087","CHA","CHA","CHA","CHA","","","","",""
"1088","WAS","WAS","WAS","","","","","",""
"1089","BAL","BAL","","","","","","",""
"1090","NYA","","","","","","","",""
"1091","KCA","KCA","","","","","","",""
"1092","TBA","TBA","TBA","TBA","LAA","","","",""
"1093","CLE","","","","","","","",""
"1094","MIL","","","","","","","",""
"1095","ATL","ATL","BAL","COL","","","","",""
"1096","KCA","OAK","","","","","","",""
"1097","COL","COL","","","","","","",""
"1098","BOS","CHN","","","","","","",""
"1099","PIT","","","","","","","",""
"1100","WAS","TBA","TBA","","","","","",""
"1101","PIT","PIT","","","","","","",""
"1102","SEA","TOR","TOR","TOR","","","","",""
"1103","LAA","CLE","OAK","OAK","HOU","","","",""
"1104","CLE","MIA","MIA","","","","","",""
"1105","TEX","","","","","","","",""
"1106","SEA","SEA","NYA","NYA","SDN","","","",""
"1107","SDN","SDN","","","","","","",""
"1108","DET","DET","DET","DET","MIA","","","",""
"1109","SLN","SLN","SLN","BOS","BOS","","","",""
"1110","ATL","","","","","","","",""
"1111","LAN","LAN","LAN","LAN","SDN","","","",""
"1112","LAA","LAA","LAA","LAA","LAN","","","",""
"1113","PHI","PHI","PHI","PHI","COL","","","",""
"1114","SEA","LAN","","","","","","",""
"1115","ARI","ARI","ARI","SDN","SDN","SDN","","",""
"1116","COL","SEA","","","","","","",""
"1117","MIN","","","","","","","",""
"1118","HOU","SFN","TBA","CHA","","","","",""
"1119","LAN","LAN","LAN","LAN","LAN","","","",""
"1120","HOU","HOU","HOU","HOU","","","","",""
"1121","SFN","SFN","","","","","","",""
"1122","TBA","TBA","TBA","","","","","",""
"1123","SFN","ARI","","","","","","",""
"1124","WAS","","","","","","","",""
"1125","ATL","ATL","ATL","ATL","SDN","","","",""
"1126","CHA","SEA","","","","","","",""
"1127","TEX","TEX","TEX","DET","DET","","","",""
"1128","MIL","MIL","MIL","MIL","MIL","","","",""
"1129","CLE","CLE","CLE","CLE","CLE","","","",""
"1130","TEX","TEX","TEX","TEX","","","","",""
"1131","TEX","TEX","","","","","","",""
"1132","CLE","CLE","CLE","CLE","CLE","","","",""
"1133","DET","MIL","","","","","","",""
"1134","DET","","","","","","","",""
"1135","WAS","WAS","","","","","","",""
"1136","MIA","MIA","MIA","MIA","","","","",""
"1137","LAA","LAA","LAA","ATL","","","","",""
"1138","SLN","MIN","","","","","","",""
"1139","CHA","CHA","CHA","CHA","","","","",""
"1140","NYA","SFN","SFN","SFN","SFN","","","",""
"1141","TOR","TOR","","","","","","",""
"1142","TBA","CLE","MIA","","","","","",""
"1143","MIL","SDN","SDN","","","","","",""
"1144","MIL","MIL","OAK","KCA","CLE","SLN","TOR","",""
"1145","OAK","COL","TEX","","","","","",""
"1146","SLN","SLN","SLN","SLN","SLN","","","",""
"1147","PHI","PHI","PHI","TOR","KCA","KCA","PHI","",""
"1148","HOU","HOU","LAA","TBA","DET","","","",""
"1149","ARI","","","","","","","",""
"1150","WAS","DET","DET","","","","","",""
"1151","MIN","ARI","ARI","CLE","MIN","","","",""
"1152","LAA","","","","","","","",""
"1153","LAN","","","","","","","",""
"1154","LAN","NYA","NYA","NYA","","","","",""
"1155","BOS","BOS","BOS","SLN","SLN","","","",""
"1156","OAK","","","","","","","",""
"1157","SEA","NYA","TOR","NYN","TOR","COL","","",""
"1158","SEA","PIT","PIT","","","","","",""
"1159","NYN","NYN","NYN","","","","","",""
"1160","CHN","CHN","","","","","","",""
"1161","NYA","HOU","HOU","","","","","",""
"1162","SLN","DET","ATL","ATL","ARI","","","",""
"1163","CHN","CHN","CHN","BAL","","","","",""
"1164","CHN","MIL","","","","","","",""
"1165","CIN","","","","","","","",""
"1166","ARI","ARI","","","","","","",""
"1167","CIN","","","","","","","",""
"1168","PIT","PIT","PIT","","","","","",""
"1169","SDN","","","","","","","",""
"1170","SEA","LAA","TOR","","","","","",""
"1171","CLE","ARI","","","","","","",""
"1172","WAS","WAS","PHI","NYN","","","","",""
"1173","CLE","CLE","","","","","","",""
"1174","WAS","WAS","WAS","WAS","CHA","","","",""
"1175","OAK","TOR","","","","","","",""
"1176","ATL","CHN","","","","","","",""
"1177","SDN","CIN","CIN","CIN","MIA","LAN","LAA","",""
"1178","BOS","BOS","BOS","BOS","BAL","ATL","","",""
"1179","TOR","TOR","TOR","TOR","OAK","","","",""
"1180","SDN","SDN","BOS","BOS","","","","",""
"1181","MIA","","","","","","","",""
"1182","SEA","SEA","LAN","LAN","LAN","","","",""
"1183","CIN","CIN","CIN","CIN","CIN","SFN","","",""
"1184","NYN","","","","","","","",""
"1185","SDN","MIA","MIA","HOU","LAA","NYA","LAA","",""
"1186","CIN","CIN","CIN","CIN","CIN","","","",""
"1187","TOR","","","","","","","",""
"1188","HOU","HOU","MIA","","","","","",""
"1189","CLE","CLE","CLE","","","","","",""
"1190","PHI","PHI","PHI","PHI","","","","",""
"1191","BAL","PIT","","","","","","",""
"1192","CHA","CHA","","","","","","",""
"1193","LAN","","","","","","","",""
"1194","CHN","COL","COL","COL","COL","","","",""
"1195","OAK","","","","","","","",""
"1196","SEA","SEA","ARI","","","","","",""
"1197","WAS","WAS","WAS","BOS","","","","",""
"1198","PIT","PIT","PIT","NYA","","","","",""
"1199","PHI","PHI","","","","","","",""
"1200","BOS","BOS","BOS","BOS","OAK","CHN","","",""
"1201","TEX","TEX","TEX","TEX","","","","",""
"1202","CIN","NYN","","","","","","",""
"1203","TOR","","","","","","","",""
"1204","LAN","","","","","","","",""
"1205","SEA","SEA","SEA","","","","","",""
"1206","PHI","WAS","","","","","","",""
"1207","CHA","CHA","BOS","CLE","CHN","NYA","","",""
"1208","LAN","LAN","LAN","","","","","",""
"1209","CHN","","","","","","","",""
"1210","SFN","SFN","SFN","SFN","SFN","","","",""
"1211","BOS","","","","","","","",""
"1212","PIT","PIT","TOR","TOR","PHI","","","",""
"1213","TOR","TOR","TOR","TOR","MIL","","","",""
"1214","LAN","LAN","PHI","TEX","OAK","","","",""
"1215","NYA","","","","","","","",""
"1216","CLE","","","","","","","",""
"1217","COL","BAL","ARI","CHA","CHA","","","",""
"1218","CHA","","","","","","","",""
"1219","ATL","","","","","","","",""
"1220","MIN","MIN","CHA","PIT","PIT","PIT","","",""
"1221","SDN","","","","","","","",""
"1222","TOR","","","","","","","",""
"1223","PIT","","","","","","","",""
"1224","TBA","TBA","TBA","WAS","WAS","","","",""
"1225","DET","DET","","","","","","",""
"1226","HOU","","","","","","","",""
"1227","PIT","PIT","PIT","PIT","PIT","","","",""
"1228","MIL","MIL","SEA","CHN","ATL","","","",""
"1229","TOR","PHI","","","","","","",""
"1230","NYA","NYA","NYA","COL","COL","","","",""
"1231","SLN","SLN","MIL","MIL","MIL","","","",""
"1232","SFN","","","","","","","",""
"1233","WAS","WAS","WAS","BAL","PIT","","","",""
"1234","LAN","LAN","BOS","TBA","TBA","TBA","","",""
"1235","TBA","TBA","TBA","TBA","TBA","","","",""
"1236","TBA","MIL","","","","","","",""
"1237","SFN","SFN","SFN","SFN","SFN","","","",""
"1238","COL","FLO","CLE","CHA","","","","",""
"1239","MIL","","","","","","","",""
"1240","CHN","","","","","","","",""
"1241","CHN","CHN","","","","","","",""
"1242","HOU","HOU","COL","COL","","","","",""
"1243","CIN","","","","","","","",""
"1244","KCA","KCA","BAL","BAL","","","","",""
"1245","TOR","TOR","TOR","TOR","","","","",""
"1246","SFN","","","","","","","",""
"1247","ATL","CLE","NYA","TEX","","","","",""
"1248","TEX","TEX","LAA","CLE","SEA","TOR","","",""
"1249","BOS","HOU","OAK","OAK","HOU","","","",""
"1250","MIA","MIA","","","","","","",""
"1251","MIL","MIL","MIL","MIL","MIL","","","",""
"1252","CHA","","","","","","","",""
"1253","SDN","PIT","CIN","CIN","CIN","","","",""
"1254","SDN","SDN","","","","","","",""
"1255","SEA","TBA","TBA","TBA","","","","",""
"1256","SEA","SEA","SEA","SEA","","","","",""
"1257","ATL","","","","","","","",""
"1258","PHI","","","","","","","",""
"1259","CIN","CIN","","","","","","",""
"1260","NYN","NYN","","","","","","",""
"1261","HOU","HOU","HOU","COL","COL","","","",""
"1262","SLN","SLN","SLN","SLN","SLN","","","",""
"1263","HOU","HOU","TOR","NYN","","","","",""
"1264","SLN","SLN","SLN","","","","","",""
"1265","LAN","LAN","","","","","","",""
"1266","DET","","","","","","","",""
"1267","BAL","BAL","BAL","BAL","","","","",""
"1268","SFN","SFN","SFN","SFN","BOS","","","",""
"1269","PHI","KCA","","","","","","",""
"1270","LAN","","","","","","","",""
"1271","OAK","","","","","","","",""
"1272","PIT","CHN","ATL","ATL","LAN","","","",""
"1273","BAL","MIA","","","","","","",""
"1274","TBA","","","","","","","",""
"1275","KCA","KCA","","","","","","",""
"1276","TBA","","","","","","","",""
"1277","MIA","","","","","","","",""
"1278","CHN","CHN","CLE","","","","","",""
"1279","WAS","","","","","","","",""
"1280","MIL","MIL","MIL","MIL","MIL","","","",""
"1281","CIN","MIN","","","","","","",""
"1282","SLN","SLN","SLN","","","","","",""
"1283","MIN","MIN","COL","PHI","CLE","","","",""
"1284","MIL","MIL","NYN","CLE","","","","",""
"1285","ATL","","","","","","","",""
"1286","CHA","","","","","","","",""
"1287","KCA","KCA","","","","","","",""
"1288","MIA","MIA","HOU","HOU","","","","",""
"1289","BAL","BAL","BAL","BAL","ATL","","","",""
"1290","KCA","","","","","","","",""
"1291","ATL","","","","","","","",""
"1292","CHN","CHN","CHN","LAN","MIA","","","",""
"1293","LAA","LAA","LAA","","","","","",""
"1294","WAS","ARI","MIN","SDN","SDN","CIN","","",""
"1295","NYA","","","","","","","",""
"1296","WAS","WAS","","","","","","",""
"1297","BOS","","","","","","","",""
"1298","NYA","","","","","","","",""
"1299","ARI","ARI","","","","","","",""
"1300","CHN","CIN","CIN","CIN","","","","",""
"1301","CLE","CLE","CLE","","","","","",""
"1302","ARI","ARI","LAA","","","","","",""
"1303","ARI","","","","","","","",""
"1304","DET","","","","","","","",""
"1305","SEA","","","","","","","",""
"1306","DET","DET","","","","","","",""
"1307","PIT","PIT","PIT","PIT","","","","",""
"1308","SLN","SLN","","","","","","",""
"1309","SLN","SLN","SLN","","","","","",""
"1310","COL","NYA","","","","","","",""
"1311","ATL","OAK","","","","","","",""
"1312","ATL","ATL","ATL","","","","","",""
"1313","HOU","HOU","","","","","","",""
"1314","PHI","PHI","","","","","","",""
"1315","NYN","HOU","HOU","","","","","",""
"1316","HOU","HOU","HOU","DET","DET","","","",""
"1317","ARI","CLE","","","","","","",""
"1318","TEX","TEX","TEX","TEX","TEX","","","",""
"1319","SDN","TEX","","","","","","",""
"1320","PHI","PHI","PHI","PIT","CLE","","","",""
"1321","TEX","TEX","","","","","","",""
"1322","FLO","","","","","","","",""
"1323","WAS","","","","","","","",""
"1324","NYA","NYA","PIT","PIT","TOR","","","",""
"1325","MIN","","","","","","","",""
"1326","DET","DET","DET","DET","","","","",""
"1327","CIN","COL","MIA","ATL","","","","",""
"1328","CLE","CLE","CLE","CLE","SLN","BOS","","",""
"1329","TOR","MIN","MIN","MIN","TOR","","","",""
"1330","CHN","SDN","","","","","","",""
"1331","ATL","CHN","","","","","","",""
"1332","LAA","TOR","MIA","MIA","MIA","","","",""
"1333","PHI","","","","","","","",""
"1334","BOS","BOS","NYN","NYN","","","","",""
"1335","OAK","TBA","","","","","","",""
"1336","WAS","WAS","WAS","WAS","LAA","CIN","","",""
"1337","MIA","","","","","","","",""
"1338","BAL","BAL","BAL","BAL","BAL","","","",""
"1339","COL","COL","","","","","","",""
"1340","NYN","","","","","","","",""
"1341","MIN","MIN","MIN","MIN","MIN","","","",""
"1342","SEA","SEA","SDN","","","","","",""
"1343","HOU","HOU","KCA","KCA","SFN","","","",""
"1344","WAS","WAS","","","","","","",""
"1345","PHI","PHI","PHI","PHI","TOR","NYN","","",""
"1346","SDN","SDN","SDN","SDN","ATL","","","",""
"1347","MIL","","","","","","","",""
"1348","MIN","MIN","","","","","","",""
"1349","KCA","KCA","PIT","PIT","MIA","","","",""
"1350","SDN","","","","","","","",""
"1351","CLE","CLE","CLE","CLE","CLE","","","",""
"1352","COL","COL","COL","","","","","",""
"1353","ATL","ATL","ATL","NYA","NYA","","","",""
"1354","DET","DET","","","","","","",""
"1355","OAK","OAK","ARI","ARI","NYA","LAN","","",""
"1356","SLN","SLN","TEX","","","","","",""
"1357","MIL","MIL","","","","","","",""
"1358","TOR","TOR","","","","","","",""
"1359","DET","","","","","","","",""
"1360","HOU","","","","","","","",""
"1361","PIT","PIT","PIT","PIT","PIT","","","",""
"1362","PIT","PIT","TEX","","","","","",""
"1363","BOS","BOS","NYA","CHN","","","","",""
"1364","PIT","PIT","PIT","","","","","",""
"1365","TOR","ARI","ARI","PIT","CLE","PHI","BOS","LAA",""
"1366","BAL","BAL","BAL","","","","","",""
"1367","TBA","TBA","TBA","TBA","TBA","","","",""
"1368","MIL","PIT","NYA","MIA","SFN","MIA","","",""
"1369","MIA","","","","","","","",""
"1370","TOR","TOR","TOR","PHI","","","","",""
"1371","TEX","","","","","","","",""
"1372","NYN","NYN","COL","HOU","HOU","","","",""
"1373","PIT","PIT","PIT","COL","COL","","","",""
"1374","ATL","","","","","","","",""
"1375","ATL","PIT","BAL","BAL","WAS","","","",""
"1376","CHA","","","","","","","",""
"1377","PIT","","","","","","","",""
"1378","SDN","SDN","","","","","","",""
"1379","SEA","SEA","SEA","CHN","","","","",""
"1380","ATL","ATL","ATL","KCA","","","","",""
"1381","PIT","PIT","BAL","","","","","",""
"1382","NYN","NYN","NYN","NYN","","","","",""
"1383","HOU","BOS","PIT","PIT","PIT","","","",""
"1384","TEX","TEX","BOS","","","","","",""
"1385","KCA","KCA","KCA","","","","","",""
"1386","PIT","PIT","PIT","PIT","","","","",""
"1387","DET","","","","","","","",""
"1388","NYA","NYA","","","","","","",""
"1389","CIN","CIN","CIN","CIN","CIN","","","",""
"1390","MIN","","","","","","","",""
"1391","HOU","","","","","","","",""
"1392","ARI","","","","","","","",""
"1393","BOS","BOS","BOS","SDN","","","","",""
"1394","MIN","KCA","SFN","SFN","","","","",""
"1395","SDN","SDN","TEX","","","","","",""
"1396","LAN","","","","","","","",""
"1397","ARI","ARI","ARI","ARI","BOS","","","",""
"1398","BOS","BOS","BOS","BOS","BAL","NYA","","",""
"1399","SEA","SEA","SEA","","","","","",""
"1400","CIN","","","","","","","",""
"1401","OAK","","","","","","","",""
"1402","COL","OAK","NYA","NYA","","","","",""
"1403","DET","COL","","","","","","",""
"1404","CHA","","","","","","","",""
"1405","SLN","SLN","SLN","ATL","","","","",""
"1406","SLN","TOR","BOS","","","","","",""
"1407","TOR","LAA","OAK","TOR","OAK","","","",""
"1408","COL","SEA","","","","","","",""
"1409","WAS","OAK","OAK","OAK","MIN","MIN","","",""
"1410","PHI","","","","","","","",""
"1411","ATL","ATL","ATL","ATL","","","","",""
"1412","ARI","","","","","","","",""
"1413","NYN","","","","","","","",""
"1414","NYA","NYA","","","","","","",""
"1415","NYA","","","","","","","",""
"1416","LAN","","","","","","","",""
"1417","MIL","NYA","","","","","","",""
"1418","NYA","","","","","","","",""
"1419","TOR","TBA","TBA","TBA","","","","",""
"1420","SLN","SLN","SLN","SLN","SLN","","","",""
"1421","SFN","NYN","","","","","","",""
"1422","CHA","","","","","","","",""
"1423","CHN","","","","","","","",""
"1424","NYA","SEA","SEA","SEA","SEA","","","",""
"1425","ARI","ARI","ARI","ARI","CHN","","","",""
"1426","NYN","NYN","","","","","","",""
"1427","SEA","","","","","","","",""
"1428","OAK","","","","","","","",""
"1429","SEA","KCA","KCA","SDN","CLE","","","",""
"1430","LAA","","","","","","","",""
"1431","TBA","TBA","TBA","TBA","TBA","","","",""
"1432","HOU","","","","","","","",""
"1433","WAS","WAS","WAS","WAS","","","","",""
"1434","COL","BOS","BOS","BOS","COL","KCA","","",""
"1435","COL","","","","","","","",""
"1436","LAA","SEA","MIN","SEA","KCA","","","",""
"1437","ARI","","","","","","","",""
"1438","CHA","CHA","CHA","PIT","PIT","","","",""
"1439","TEX","TEX","TEX","TEX","TEX","","","",""
"1440","NYA","","","","","","","",""
"1441","PHI","","","","","","","",""
"1442","MIL","MIL","CLE","","","","","",""
"1443","LAA","LAA","","","","","","",""
"1444","MIN","MIN","MIN","PIT","COL","COL","","",""
"1445","NYN","","","","","","","",""
"1446","PIT","PIT","PIT","MIA","MIA","","","",""
"1447","FLO","MIA","MIA","SEA","SEA","","","",""
"1448","TOR","TOR","TOR","TOR","SDN","","","",""
"1449","WAS","WAS","SEA","BAL","SFN","MIA","PIT","",""
"1450","COL","BOS","BOS","","","","","",""
"1451","PIT","PIT","PIT","PIT","PIT","","","",""
"1452","OAK","COL","SFN","","","","","",""
"1453","CIN","","","","","","","",""
"1454","SDN","SDN","","","","","","",""
"1455","PIT","","","","","","","",""
"1456","PHI","OAK","OAK","OAK","CLE","SLN","","",""
"1457","SFN","SFN","","","","","","",""
"1458","SLN","SLN","SLN","CHN","","","","",""
"1459","KCA","KCA","KCA","KCA","KCA","","","",""
"1460","DET","DET","","","","","","",""
"1461","COL","","","","","","","",""
"1462","ATL","ATL","LAN","ATL","","","","",""
"1463","FLO","MIA","SLN","SLN","BOS","BOS","OAK","",""
"1464","OAK","","","","","","","",""
"1465","NYN","","","","","","","",""
"1466","CLE","","","","","","","",""
"1467","TEX","TEX","TEX","CLE","CLE","LAA","","",""
"1468","NYN","NYN","NYN","NYN","NYN","","","",""
"1469","FLO","MIA","CHN","TEX","","","","",""
"1470","NYA","NYA","NYA","","","","","",""
"1471","COL","","","","","","","",""
"1472","PHI","","","","","","","",""
"1473","HOU","HOU","CHA","CLE","","","","",""
"1474","TBA","TBA","SDN","","","","","",""
"1475","ARI","WAS","SFN","SDN","","","","",""
"1476","TEX","TEX","BOS","BOS","BOS","TEX","","",""
"1477","MIL","MIL","MIL","MIA","","","","",""
"1478","MIN","TEX","TEX","DET","DET","","","",""
"1479","BOS","BOS","BOS","BOS","TBA","","","",""
"1480","LAN","CIN","CHN","TOR","TOR","","","",""
"1481","LAA","LAA","LAA","LAA","","","","",""
"1482","BAL","","","","","","","",""
"1483","BOS","KCA","PIT","BAL","","","","",""
"1484","CLE","NYA","CHN","","","","","",""
"1485","CIN","CIN","CIN","","","","","",""
"1486","COL","COL","COL","NYA","LAA","SDN","","",""
"1487","MIL","MIL","MIL","","","","","",""
"1488","PHI","PHI","","","","","","",""
"1489","DET","","","","","","","",""
"1490","SDN","OAK","OAK","SLN","HOU","","","",""
"1491","COL","COL","COL","COL","LAN","","","",""
"1492","NYN","NYN","TOR","","","","","",""
"1493","MIA","","","","","","","",""
"1494","TBA","TBA","","","","","","",""
"1495","NYN","NYN","NYN","NYN","NYN","","","",""
"1496","CHA","","","","","","","",""
"1497","NYN","NYN","NYN","NYN","LAA","NYN","","",""
"1498","MIL","COL","ARI","ARI","PHI","SDN","","",""
"1499","MIN","MIN","","","","","","",""
"1500","TOR","NYA","NYA","PHI","PIT","KCA","","",""
"1501","WAS","PHI","PHI","","","","","",""
"1502","NYA","","","","","","","",""
"1503","NYA","SEA","SEA","SEA","TEX","CHA","CHA","",""
"1504","PHI","","","","","","","",""
"1505","FLO","MIA","MIA","LAN","MIN","MIN","","",""
"1506","TOR","TOR","OAK","","","","","",""
"1507","SFN","SFN","","","","","","",""
"1508","OAK","OAK","","","","","","",""
"1509","HOU","HOU","HOU","BAL","BAL","BAL","SDN","",""
"1510","TOR","TOR","DET","","","","","",""
"1511","OAK","OAK","OAK","SDN","","","","",""
"1512","NYA","NYA","NYA","NYA","NYA","","","",""
"1513","NYA","NYA","NYA","MIN","MIN","","","",""
"1514","FLO","TBA","","","","","","",""
"1515","NYA","NYA","ARI","ARI","SEA","","","",""
"1516","COL","","","","","","","",""
"1517","HOU","HOU","HOU","","","","","",""
"1518","ARI","","","","","","","",""
"1519","NYN","","","","","","","",""
"1520","TEX","BAL","BAL","BAL","BAL","","","",""
"1521","KCA","TBA","TBA","TBA","","","","",""
"1522","TEX","TEX","","","","","","",""
"1523","LAN","","","","","","","",""
"1524","ATL","ATL","ATL","OAK","OAK","NYN","","",""
"1525","TEX","TEX","TEX","TEX","BOS","","","",""
"1526","PHI","","","","","","","",""
"1527","PIT","SDN","WAS","TEX","","","","",""
"1528","CHA","CHA","","","","","","",""
"1529","BOS","OAK","","","","","","",""
"1530","DET","","","","","","","",""
"1531","TEX","TOR","TOR","","","","","",""
"1532","ATL","","","","","","","",""
"1533","DET","MIN","MIN","MIN","","","","",""
"1534","SEA","SEA","MIA","LAN","","","","",""
"1535","CHA","","","","","","","",""
"1536","MIA","SEA","","","","","","",""
"1537","PIT","NYN","","","","","","",""
"1538","SEA","","","","","","","",""
"1539","TEX","CHN","CHN","CHA","","","","",""
"1540","LAA","SEA","","","","","","",""
"1541","CHA","CHA","","","","","","",""
"1542","CIN","CIN","CIN","CIN","","","","",""
"1543","DET","","","","","","","",""
"1544","KCA","","","","","","","",""
"1545","MIN","","","","","","","",""
"1546","PHI","PHI","PHI","","","","","",""
"1547","DET","DET","DET","","","","","",""
"1548","COL","","","","","","","",""
"1549","BOS","BOS","BOS","BOS","BOS","","","",""
"1550","TEX","","","","","","","",""
"1551","CHN","TOR","","","","","","",""
"1552","SFN","","","","","","","",""
"1553","KCA","SDN","PHI","PHI","","","","",""
"1554","TOR","","","","","","","",""
"1555","PHI","TEX","COL","","","","","",""
"1556","SFN","OAK","OAK","OAK","","","","",""
"1557","COL","COL","COL","COL","","","","",""
"1558","OAK","COL","COL","CLE","NYA","","","",""
"1559","PIT","ARI","ARI","ATL","NYA","MIL","","",""
"1560","BOS","","","","","","","",""
"1561","HOU","","","","","","","",""
"1562","ARI","ARI","ARI","","","","","",""
"1563","ARI","SDN","","","","","","",""
"1564","MIA","MIA","MIA","","","","","",""
"1565","COL","COL","COL","COL","ARI","ARI","","",""
"1566","LAN","BOS","","","","","","",""
"1567","NYN","SFN","SFN","SFN","SFN","","","",""
"1568","COL","PIT","HOU","MIL","","","","",""
"1569","LAA","SDN","","","","","","",""
"1570","SFN","SFN","","","","","","",""
"1571","BOS","PHI","PHI","PHI","PHI","WAS","","",""
"1572","HOU","HOU","HOU","KCA","BAL","BAL","","",""
"1573","CHN","CHN","CHN","","","","","",""
"1574","ARI","OAK","OAK","","","","","",""
"1575","SFN","","","","","","","",""
"1576","COL","COL","","","","","","",""
"1577","MIN","MIN","MIN","MIN","BAL","","","",""
"1578","NYN","NYN","NYN","NYN","NYN","","","",""
"1579","ARI","ARI","ARI","ARI","MIL","MIL","BAL","",""
"1580","MIL","CIN","CIN","CIN","","","","",""
"1581","SDN","SDN","OAK","OAK","OAK","","","",""
"1582","CIN","CIN","","","","","","",""
"1583","NYN","","","","","","","",""
"1584","ATL","ATL","ATL","","","","","",""
"1585","ARI","ARI","ARI","ARI","","","","",""
"1586","TOR","SLN","","","","","","",""
"1587","SDN","","","","","","","",""
"1588","LAN","","","","","","","",""
"1589","TEX","TEX","","","","","","",""
"1590","BAL","BAL","BAL","BAL","SDN","","","",""
"1591","SEA","DET","LAA","TOR","","","","",""
"1592","COL","KCA","KCA","CHA","","","","",""
"1593","NYN","BAL","","","","","","",""
"1594","COL","COL","","","","","","",""
"1595","LAN","PIT","CIN","CIN","ARI","","","",""
"1596","MIN","MIN","","","","","","",""
"1597","SEA","SEA","SEA","","","","","",""
"1598","NYA","","","","","","","",""
"1599","WAS","HOU","HOU","HOU","","","","",""
"1600","PIT","BAL","HOU","NYA","BAL","BAL","BAL","",""
"1601","CHA","CHA","CHA","BOS","BOS","SFN","SFN","",""
"1602","LAN","LAN","","","","","","",""
"1603","BOS","BOS","BOS","BOS","BOS","","","",""
"1604","SEA","SEA","SEA","KCA","TEX","BOS","","",""
"1605","SFN","SFN","","","","","","",""
"1606","NYN","NYN","MIN","MIN","MIN","","","",""
"1607","MIL","","","","","","","",""
"1608","KCA","KCA","DET","CIN","CIN","","","",""
"1609","CHN","TBA","HOU","KCA","TEX","","","",""
"1610","KCA","KCA","","","","","","",""
"1611","NYA","NYA","ATL","ATL","","","","",""
"1612","CHA","","","","","","","",""
"1613","ARI","SEA","","","","","","",""
"1614","HOU","PHI","PHI","SFN","SFN","SFN","SFN","",""
"1615","NYA","HOU","","","","","","",""
"1616","OAK","OAK","ARI","ARI","ARI","TOR","","",""
"1617","DET","SFN","MIA","","","","","",""
"1618","ARI","ARI","","","","","","",""
"1619","DET","DET","DET","SLN","SLN","","","",""
"1620","TBA","TBA","TBA","TBA","LAN","","","",""
"1621","MIL","MIL","MIL","MIL","","","","",""
"1622","LAN","","","","","","","",""
"1623","MIN","","","","","","","",""
"1624","SLN","SLN","","","","","","",""
"1625","LAA","","","","","","","",""
"1626","CLE","CLE","CLE","LAN","","","","",""
"1627","WAS","WAS","NYA","ATL","","","","",""
"1628","DET","DET","DET","DET","MIL","","","",""
"1629","PHI","MIL","TOR","","","","","",""
"1630","SFN","SFN","SFN","","","","","",""
"1631","TOR","TOR","TOR","","","","","",""
"1632","TEX","TEX","TEX","TEX","","","","",""
"1633","SEA","SEA","ARI","ARI","HOU","","","",""
"1634","CLE","CLE","","","","","","",""
"1635","CLE","CLE","","","","","","",""
"1636","KCA","KCA","KCA","KCA","KCA","","","",""
"1637","ATL","","","","","","","",""
"1638","MIN","MIN","MIN","MIN","MIN","","","",""
"1639","DET","WAS","","","","","","",""
"1640","CLE","CLE","CLE","CLE","LAA","LAA","","",""
"1641","FLO","MIA","","","","","","",""
"1642","SLN","","","","","","","",""
"1643","SDN","ATL","","","","","","",""
"1644","OAK","MIL","","","","","","",""
"1645","HOU","NYA","","","","","","",""
"1646","SFN","SFN","SFN","SFN","","","","",""
"1647","CHA","CHA","CHA","","","","","",""
"1648","NYA","NYA","","","","","","",""
"1649","LAA","","","","","","","",""
"1650","PHI","PHI","","","","","","",""
"1651","SLN","SLN","","","","","","",""
"1652","CHA","CHA","OAK","","","","","",""
"1653","CLE","CLE","CLE","BAL","","","","",""
"1654","NYA","NYA","NYA","MIA","","","","",""
"1655","CIN","CIN","CIN","CIN","CIN","","","",""
"1656","SDN","","","","","","","",""
"1657","BAL","BAL","MIA","","","","","",""
"1658","CIN","","","","","","","",""
"1659","BAL","PIT","","","","","","",""
"1660","CHA","PHI","MIA","","","","","",""
"1661","CHA","CHA","TEX","BOS","SLN","ATL","","",""
"1662","TOR","TOR","TOR","","","","","",""
"1663","SFN","SFN","SFN","","","","","",""
"1664","PIT","PIT","TEX","","","","","",""
"1665","KCA","KCA","","","","","","",""
"1666","NYA","","","","","","","",""
"1667","SEA","NYA","NYA","","","","","",""
"1668","LAA","","","","","","","",""
"1669","MIN","KCA","","","","","","",""
"1670","MIN","MIN","","","","","","",""
"1671","NYA","NYA","","","","","","",""
"1672","SLN","","","","","","","",""
"1673","NYN","","","","","","","",""
"1674","MIN","MIN","MIN","MIN","MIN","","","",""
"1675","BOS","","","","","","","",""
"1676","PIT","PIT","","","","","","",""
"1677","MIN","MIN","","","","","","",""
"1678","PHI","PHI","MIA","","","","","",""
"1679","ARI","ARI","ARI","ARI","","","","",""
"1680","COL","COL","COL","OAK","OAK","","","",""
"1681","BAL","","","","","","","",""
"1682","TOR","TOR","","","","","","",""
"1683","DET","DET","DET","DET","BOS","","","",""
"1684","TEX","","","","","","","",""
"1685","NYA","","","","","","","",""
"1686","SFN","SFN","SFN","SFN","SFN","","","",""
"1687","OAK","","","","","","","",""
"1688","ATL","ATL","ARI","ARI","NYA","MIA","","",""
"1689","PIT","PIT","PIT","MIN","HOU","HOU","","",""
"1690","MIN","MIN","MIN","","","","","",""
"1691","CLE","","","","","","","",""
"1692","TBA","TBA","TBA","TBA","DET","DET","TOR","",""
"1693","NYN","PHI","BAL","COL","OAK","","","",""
"1694","MIL","","","","","","","",""
"1695","ATL","NYA","","","","","","",""
"1696","TEX","TEX","","","","","","",""
"1697","SEA","SEA","SEA","","","","","",""
"1698","LAN","LAN","LAN","","","","","",""
"1699","SLN","LAA","LAA","LAA","LAA","","","",""
"1700","SLN","BOS","LAN","LAN","OAK","","","",""
"1701","TOR","OAK","DET","CHA","","","","",""
"1702","DET","DET","DET","","","","","",""
"1703","CLE","COL","CHN","CHA","CHA","","","",""
"1704","ARI","ARI","ARI","ARI","","","","",""
"1705","SDN","SDN","","","","","","",""
"1706","SDN","PHI","NYA","PIT","MIA","HOU","HOU","",""
"1707","CHA","SDN","SDN","SDN","","","","",""
"1708","HOU","KCA","PHI","SEA","SEA","","","",""
"1709","CHA","CHA","CHA","CHA","","","","",""
"1710","TEX","NYN","BAL","NYN","NYN","","","",""
"1711","BOS","SFN","SFN","","","","","",""
"1712","DET","DET","CLE","CLE","CLE","","","",""
"1713","CHN","CHN","","","","","","",""
"1714","CHA","CHA","CHA","CHA","CHA","","","",""
"1715","CHN","MIL","MIL","MIL","MIL","PIT","","",""
"1716","NYN","","","","","","","",""
"1717","SEA","SEA","SEA","TBA","","","","",""
"1718","FLO","MIA","LAN","LAN","LAN","BOS","","",""
"1719","LAA","","","","","","","",""
"1720","PHI","ARI","SEA","","","","","",""
"1721","CLE","CLE","CLE","","","","","",""
"1722","NYA","NYA","SEA","","","","","",""
"1723","TBA","","","","","","","",""
"1724","CHN","CHN","","","","","","",""
"1725","BOS","","","","","","","",""
"1726","SFN","NYN","SFN","BAL","","","","",""
"1727","ATL","MIN","","","","","","",""
"1728","MIA","MIA","MIA","MIA","","","","",""
"1729","TBA","TBA","TBA","TBA","LAA","","","",""
"1730","WAS","WAS","WAS","WAS","WAS","","","",""
"1731","BOS","TEX","","","","","","",""
"1732","ARI","ARI","MIL","ARI","SDN","CHN","","",""
"1733","BAL","NYA","CLE","","","","","",""
"1734","SLN","TOR","TOR","TOR","TOR","HOU","","",""
"1735","ATL","LAA","LAA","LAA","","","","",""
"1736","TOR","TOR","SEA","","","","","",""
"1737","TOR","NYN","MIA","","","","","",""
"1738","LAN","","","","","","","",""
"1739","SEA","","","","","","","",""
"1740","DET","ARI","","","","","","",""
"1741","SDN","","","","","","","",""
"1742","MIA","MIA","","","","","","",""
"1743","SDN","","","","","","","",""
"1744","OAK","OAK","CHN","NYN","NYN","NYN","","",""
"1745","BOS","OAK","OAK","OAK","OAK","","","",""
"1746","CIN","TOR","TOR","TOR","","","","",""
"1747","CHA","CHA","CHA","ARI","ARI","NYN","","",""
"1748","MIA","","","","","","","",""
"1749","DET","DET","","","","","","",""
"1750","MIL","","","","","","","",""
"1751","MIL","","","","","","","",""
"1752","NYA","","","","","","","",""
"1753","PIT","","","","","","","",""
"1754","BAL","BAL","BAL","TOR","ARI","BAL","","",""
"1755","CIN","","","","","","","",""
"1756","WAS","WAS","WAS","","","","","",""
"1757","CIN","","","","","","","",""
"1758","MIN","BOS","","","","","","",""
"1759","PIT","PIT","OAK","","","","","",""
"1760","MIN","MIN","PHI","PHI","PHI","TOR","","",""
"1761","BOS","","","","","","","",""
"1762","NYN","MIA","TOR","TOR","TOR","COL","","",""
"1763","TOR","BAL","LAA","","","","","",""
"1764","COL","CIN","","","","","","",""
"1765","BAL","BAL","CLE","NYA","MIL","SLN","","",""
"1766","COL","COL","ARI","ARI","","","","",""
"1767","TEX","SLN","","","","","","",""
"1768","DET","TBA","","","","","","",""
"1769","NYN","NYN","","","","","","",""
"1770","ATL","NYA","","","","","","",""
"1771","SDN","SDN","SDN","CHN","","","","",""
"1772","LAA","LAA","LAA","LAA","LAA","","","",""
"1773","TOR","TOR","","","","","","",""
"1774","TBA","TBA","","","","","","",""
"1775","CHA","CHA","MIA","","","","","",""
"1776","CHA","CHA","CHA","TEX","TEX","KCA","","",""
"1777","BOS","","","","","","","",""
"1778","WAS","","","","","","","",""
"1779","TOR","LAN","LAN","","","","","",""
"1780","NYA","NYA","NYA","","","","","",""
"1781","MIL","","","","","","","",""
"1782","MIN","SDN","SDN","TBA","","","","",""
"1783","MIL","","","","","","","",""
"1784","SDN","CHN","CHN","CHN","CHN","","","",""
"1785","SDN","CHN","","","","","","",""
"1786","WAS","WAS","WAS","","","","","",""
"1787","BAL","BAL","BAL","NYA","","","","",""
"1788","NYA","NYA","NYA","NYA","CHA","","","",""
"1789","TEX","LAA","","","","","","",""
"1790","COL","PHI","","","","","","",""
"1791","ARI","ARI","TBA","TBA","BOS","","","",""
"1792","MIN","MIN","","","","","","",""
"1793","SDN","","","","","","","",""
"1794","KCA","LAN","WAS","","","","","",""
"1795","CIN","","","","","","","",""
"1796","SLN","SLN","SLN","SLN","MIN","","","",""
"1797","SEA","SEA","","","","","","",""
"1798","NYN","","","","","","","",""
"1799","PHI","","","","","","","",""
"1800","LAA","TBA","TBA","SEA","SEA","CHN","","",""
"1801","CHA","","","","","","","",""
"1802","NYA","NYA","NYA","NYA","","","","",""
"1803","HOU","HOU","","","","","","",""
"1804","SDN","","","","","","","",""
"1805","BOS","","","","","","","",""
"1806","HOU","HOU","OAK","OAK","","","","",""
"1807","NYN","MIL","MIL","MIL","BAL","MIL","MIL","",""
"1808","LAA","","","","","","","",""
"1809","TEX","","","","","","","",""
"1810","WAS","WAS","WAS","CHN","MIA","","","",""
"1811","CIN","CIN","","","","","","",""
"1812","WAS","","","","","","","",""
"1813","PIT","","","","","","","",""
"1814","SEA","","","","","","","",""
"1815","TBA","TBA","TBA","TBA","PIT","","","",""
"1816","LAN","LAN","LAN","LAN","","","","",""
"1817","HOU","HOU","PIT","PIT","PIT","TEX","","",""
"1818","KCA","","","","","","","",""
"1819","CIN","","","","","","","",""
"1820","ARI","NYA","BAL","","","","","",""
"1821","COL","COL","MIN","","","","","",""
"1822","COL","COL","CLE","TOR","TOR","NYA","NYA","",""
"1823","MIL","MIL","","","","","","",""
"1824","MIL","","","","","","","",""
"1825","SFN","","","","","","","",""
"1826","LAN","MIA","","","","","","",""
"1827","CIN","CIN","","","","","","",""
"1828","SEA","","","","","","","",""
"1829","PHI","PHI","PHI","PHI","LAN","","","",""
"1830","LAN","ARI","","","","","","",""
"1831","TBA","TBA","","","","","","",""
"1832","PHI","COL","SLN","BAL","","","","",""
"1833","TOR","TOR","TOR","","","","","",""
"1834","SEA","SEA","","","","","","",""
"1835","LAA","LAA","LAA","DET","DET","","","",""
"1836","NYA","NYA","NYA","NYA","","","","",""
"1837","SFN","SFN","SFN","SFN","SFN","","","",""
"1838","DET","DET","","","","","","",""
"1839","CHN","CHN","CHN","","","","","",""
"1840","SLN","COL","BAL","","","","","",""
"1841","OAK","OAK","OAK","TEX","TEX","TEX","","",""
"1842","MIN","","","","","","","",""
"1843","FLO","MIA","SFN","","","","","",""
"1844","COL","COL","COL","COL","COL","","","",""
"1845","PHI","PHI","PHI","","","","","",""
"1846","SLN","SLN","SLN","SLN","","","","",""
"1847","TEX","PHI","","","","","","",""
"1848","SFN","BOS","ARI","ARI","OAK","","","",""
"1849","CHN","CHN","CHN","","","","","",""
"1850","ATL","ATL","BOS","BOS","CHN","","","",""
"1851","WAS","","","","","","","",""
"1852","TEX","TEX","TEX","BOS","","","","",""
"1853","OAK","OAK","SDN","SDN","SDN","","","",""
"1854","LAA","LAA","","","","","","",""
"1855","FLO","NYN","CLE","","","","","",""
"1856","SFN","","","","","","","",""
"1857","TEX","","","","","","","",""
"1858","ARI","","","","","","","",""
"1859","TEX","TEX","","","","","","",""
"1860","LAA","LAA","","","","","","",""
"1861","PHI","PHI","PHI","PHI","","","","",""
"1862","DET","SEA","SEA","","","","","",""
"1863","TBA","MIA","MIA","CHN","SEA","LAN","","",""
"1864","PHI","PHI","PHI","PHI","PHI","","","",""
"1865","NYA","","","","","","","",""
"1866","SFN","SFN","","","","","","",""
"1867","BAL","","","","","","","",""
"1868","PHI","PHI","PHI","","","","","",""
"1869","CHN","CHN","CHN","COL","","","","",""
"1870","TBA","","","","","","","",""
"1871","CHN","","","","","","","",""
"1872","CHN","CHN","CHN","CHN","ATL","CHN","","",""
"1873","COL","COL","COL","BOS","","","","",""
"1874","SEA","SEA","SEA","NYA","NYA","NYA","","",""
"1875","DET","DET","","","","","","",""
"1876","LAN","LAN","","","","","","",""
"1877","TOR","SLN","SLN","SLN","CLE","CLE","CLE","SDN",""
"1878","NYA","NYA","NYA","NYA","NYA","","","",""
"1879","PIT","PIT","","","","","","",""
"1880","MIL","ARI","","","","","","",""
"1881","CHA","","","","","","","",""
"1882","SLN","SLN","SLN","LAA","LAA","","","",""
"1883","CLE","CLE","CLE","","","","","",""
"1884","CHA","CHA","CHA","CHA","CHA","","","",""
"1885","BOS","BOS","BOS","MIA","MIA","ARI","","",""
"1886","CHN","CHN","CHN","CHN","OAK","CHA","","",""
"1887","CIN","","","","","","","",""
"1888","FLO","MIA","","","","","","",""
"1889","TOR","TOR","","","","","","",""
"1890","FLO","MIA","DET","DET","DET","DET","","",""
"1891","HOU","CHA","","","","","","",""
"1892","FLO","PHI","","","","","","",""
"1893","CHA","CHA","","","","","","",""
"1894","SLN","SLN","CHN","","","","","",""
"1895","SFN","","","","","","","",""
"1896","FLO","MIA","PIT","PIT","PIT","","","",""
"1897","NYA","","","","","","","",""
"1898","SFN","SFN","SFN","SFN","SFN","","","",""
"1899","SFN","KCA","COL","PIT","","","","",""
"1900","PIT","PIT","PIT","","","","","",""
"1901","SFN","SFN","SFN","SFN","BOS","","","",""
"1902","LAN","LAN","TBA","CLE","","","","",""
"1903","NYA","","","","","","","",""
"1904","MIN","","","","","","","",""
"1905","CLE","CLE","CLE","CLE","CLE","","","",""
"1906","MIN","MIN","","","","","","",""
"1907","HOU","HOU","MIL","","","","","",""
"1908","LAA","LAA","KCA","ATL","MIN","","","",""
"1909","NYN","","","","","","","",""
"1910","CHA","CHA","CHA","LAA","LAA","","","",""
"1911","DET","DET","DET","CIN","","","","",""
"1912","DET","DET","CLE","","","","","",""
"1913","CHA","TOR","TOR","TOR","LAN","NYA","","",""
"1914","CIN","CHN","CHN","","","","","",""
"1915","PHI","","","","","","","",""
"1916","TEX","MIL","","","","","","",""
"1917","NYN","NYN","NYN","NYN","","","","",""
"1918","ARI","ARI","BAL","SEA","TEX","BAL","","",""
"1919","SEA","SEA","SEA","SEA","TOR","","","",""
"1920","PHI","PHI","PHI","OAK","","","","",""
"1921","COL","COL","COL","PIT","","","","",""
"1922","ATL","HOU","HOU","ATL","ATL","MIN","MIN","",""
"1923","MIL","MIL","MIL","MIL","MIL","","","",""
"1924","LAN","","","","","","","",""
"1925","TEX","TEX","TEX","TEX","","","","",""
"1926","DET","DET","DET","DET","WAS","","","",""
"1927","SFN","SFN","PHI","CHN","CHN","WAS","","",""
"1928","DET","DET","","","","","","",""
"1929","CHN","CHN","","","","","","",""
"1930","ATL","","","","","","","",""
"1931","ARI","","","","","","","",""
"1932","PHI","PHI","","","","","","",""
"1933","BAL","BAL","BAL","","","","","",""
"1934","ARI","","","","","","","",""
"1935","ARI","TOR","","","","","","",""
"1936","SLN","SLN","LAN","CIN","CIN","","","",""
"1937","CHN","","","","","","","",""
"1938","NYN","NYN","","","","","","",""
"1939","PHI","PHI","","","","","","",""
"1940","BAL","TBA","TBA","","","","","",""
"1941","SDN","OAK","OAK","OAK","OAK","","","",""
"1942","SLN","SLN","","","","","","",""
"1943","BOS","COL","SFN","SFN","SFN","","","",""
"1944","LAN","","","","","","","",""
"1945","SEA","SEA","SEA","SEA","SEA","","","",""
"1946","CLE","","","","","","","",""
"1947","LAA","MIL","MIL","MIL","MIL","","","",""
"1948","LAN","LAN","LAN","CLE","","","","",""
"1949","CHA","CHA","OAK","","","","","",""
"1950","CHA","","","","","","","",""
"1951","WAS","","","","","","","",""
"1952","NYA","","","","","","","",""
"1953","WAS","","","","","","","",""
"1954","TBA","","","","","","","",""
"1955","ARI","ARI","CLE","CLE","CLE","","","",""
"1956","BOS","","","","","","","",""
"1957","ATL","","","","","","","",""
"1958","ATL","SEA","","","","","","",""
"1959","TBA","TBA","KCA","KCA","SDN","","","",""
"1960","LAA","LAA","LAA","","","","","",""
"1961","TBA","BOS","NYN","SEA","CLE","","","",""
"1962","ATL","NYA","","","","","","",""
"1963","HOU","LAA","LAA","CLE","CHA","","","",""
"1964","SLN","SLN","SLN","","","","","",""
"1965","TOR","TOR","TOR","CHA","","","","",""
"1966","ATL","ATL","ATL","ATL","","","","",""
"1967","ATL","","","","","","","",""
"1968","BAL","CIN","CIN","CIN","DET","","","",""
"1969","HOU","HOU","","","","","","",""
"1970","CLE","CLE","ARI","HOU","HOU","","","",""
"1971","CLE","BOS","PHI","PHI","TBA","","","",""
"1972","DET","OAK","OAK","NYA","","","","",""
"1973","ARI","ARI","LAA","","","","","",""
"1974","MIA","","","","","","","",""
"1975","MIN","","","","","","","",""
"1976","WAS","PIT","","","","","","",""
"1977","MIN","MIA","MIA","","","","","",""
"1978","SDN","","","","","","","",""
"1979","SEA","SEA","","","","","","",""
"1980","DET","OAK","","","","","","",""
"1981","CLE","CLE","CLE","LAA","LAA","","","",""
"1982","CIN","","","","","","","",""
"1983","CIN","","","","","","","",""
"1984","COL","OAK","OAK","SDN","SEA","","","",""
"1985","KCA","KCA","MIL","MIL","","","","",""
"1986","SEA","SEA","SEA","SEA","TOR","","","",""
"1987","TEX","TEX","OAK","","","","","",""
"1988","DET","DET","DET","TBA","TBA","","","",""
"1989","TOR","TOR","PIT","PIT","PIT","BAL","PIT","",""
"1990","CHA","","","","","","","",""
"1991","CHN","TEX","","","","","","",""
"1992","BAL","TEX","BOS","","","","","",""
"1993","PIT","HOU","BAL","","","","","",""
"1994","BAL","CHN","SLN","","","","","",""
"1995","OAK","OAK","OAK","OAK","OAK","","","",""
"1996","MIA","MIA","MIA","MIA","","","","",""
"1997","WAS","WAS","MIA","","","","","",""
"1998","NYA","SDN","SDN","","","","","",""
"1999","CHN","CHN","","","","","","",""
"2000","SDN","TBA","","","","","","",""
"2001","WAS","","","","","","","",""
"2002","TBA","","","","","","","",""
"2003","CHN","CHN","CHN","NYA","NYA","","","",""
"2004","KCA","TEX","TEX","DET","DET","PIT","","",""
"2005","NYA","NYA","WAS","WAS","CHN","","","",""
"2006","HOU","","","","","","","",""
"2007","CHN","CHN","TEX","TEX","TEX","OAK","CHA","",""
"2008","CLE","","","","","","","",""
"2009","CIN","CIN","","","","","","",""
"2010","WAS","TBA","","","","","","",""
"2011","MIN","MIN","WAS","WAS","WAS","","","",""
"2012","SDN","SDN","","","","","","",""
"2013","BOS","BOS","","","","","","",""
"2014","SDN","SDN","","","","","","",""
"2015","COL","","","","","","","",""
"2016","HOU","HOU","","","","","","",""
"2017","ARI","ARI","","","","","","",""
"2018","WAS","","","","","","","",""
"2019","WAS","WAS","WAS","WAS","WAS","","","",""
"2020","LAA","","","","","","","",""
"2021","SLN","","","","","","","",""
"2022","FLO","MIA","MIA","MIA","MIA","","","",""
"2023","HOU","HOU","HOU","","","","","",""
"2024","SDN","SDN","SDN","SDN","MIN","NYN","","",""
"2025","MIL","","","","","","","",""
"2026","CHN","","","","","","","",""
"2027","SFN","NYA","NYA","PIT","PIT","","","",""
"2028","COL","CHN","LAA","","","","","",""
"2029","TOR","CHA","CHA","BOS","","","","",""
"2030","NYN","MIL","BAL","BAL","","","","",""
"2031","ARI","ARI","","","","","","",""
"2032","WAS","WAS","WAS","WAS","WAS","","","",""
"2033","HOU","TOR","","","","","","",""
"2034","OAK","OAK","OAK","CHN","HOU","","","",""
"2035","WAS","WAS","WAS","WAS","WAS","","","",""
"2036","TEX","","","","","","","",""
"2037","COL","SDN","SDN","SDN","LAA","LAA","","",""
"2038","SFN","SFN","","","","","","",""
"2039","TOR","TOR","","","","","","",""
"2040","TEX","BAL","BAL","BAL","CHN","CHN","CHN","",""
"2041","CIN","CIN","CLE","COL","COL","TEX","","",""
"2042","COL","CHA","SDN","SDN","SDN","ATL","","",""
"2043","PHI","PHI","PHI","","","","","",""
"2044","DET","CIN","","","","","","",""
"2045","SEA","SEA","SEA","","","","","",""
"2046","SDN","","","","","","","",""
"2047","SFN","SFN","CHA","LAN","","","","",""
"2048","SFN","SFN","","","","","","",""
"2049","PHI","","","","","","","",""
"2050","BOS","TBA","PIT","","","","","",""
"2051","SEA","SEA","NYA","NYA","NYA","MIA","","",""
"2052","OAK","OAK","WAS","WAS","OAK","MIN","MIN","",""
"2053","MIN","MIN","MIN","MIN","CLE","","","",""
"2054","PHI","","","","","","","",""
"2055","OAK","BOS","CHN","CHN","","","","",""
"2056","BOS","","","","","","","",""
"2057","NYA","NYA","CLE","CLE","CLE","ATL","","",""
"2058","NYN","","","","","","","",""
"2059","CHN","CHN","","","","","","",""
"2060","PIT","PIT","PIT","PIT","PIT","","","",""
"2061","LAA","LAA","PIT","CHN","","","","",""
"2062","CLE","","","","","","","",""
"2063","SLN","TOR","","","","","","",""
"2064","SFN","","","","","","","",""
"2065","NYA","NYA","","","","","","",""
"2066","SLN","","","","","","","",""
"2067","TEX","TEX","","","","","","",""
"2068","BAL","","","","","","","",""
"2069","SLN","","","","","","","",""
"2070","LAA","","","","","","","",""
"2071","SEA","SEA","","","","","","",""
"2072","OAK","OAK","OAK","CHA","","","","",""
"2073","WAS","WAS","","","","","","",""
"2074","BOS","BOS","BOS","BOS","BOS","","","",""
"2075","KCA","KCA","KCA","TBA","","","","",""
"2076","TEX","BAL","BAL","NYN","CHN","","","",""
"2077","CHA","TOR","","","","","","",""
"2078","ATL","ATL","ATL","ATL","ATL","","","",""
"2079","NYA","NYA","NYA","NYA","NYA","","","",""
"2080","SFN","KCA","","","","","","",""
"2081","NYN","NYN","NYN","NYN","NYN","","","",""
"2082","KCA","","","","","","","",""
"2083","SDN","SDN","CHA","","","","","",""
"2084","TEX","TEX","MIA","","","","","",""
"2085","TOR","","","","","","","",""
"2086","TEX","TEX","","","","","","",""
"2087","ATL","ATL","ATL","","","","","",""
"2088","KCA","","","","","","","",""
"2089","TOR","TOR","SEA","","","","","",""
"2090","LAN","","","","","","","",""
"2091","SDN","SDN","SDN","ARI","ARI","LAA","HOU","",""
"2092","NYN","SDN","SDN","SDN","SDN","","","",""
"2093","SLN","SFN","","","","","","",""
"2094","MIN","MIN","MIN","","","","","",""
"2095","NYN","NYN","TOR","TOR","TOR","","","",""
"2096","DET","","","","","","","",""
"2097","DET","MIN","MIN","","","","","",""
"2098","ATL","ATL","LAN","","","","","",""
"2099","BOS","NYA","","","","","","",""
"2100","MIN","CLE","PHI","BAL","","","","",""
"2101","PIT","MIN","MIN","","","","","",""
"2102","CIN","","","","","","","",""
"2103","TBA","","","","","","","",""
"2104","LAA","LAA","OAK","","","","","",""
"2105","CHA","","","","","","","",""
"2106","CHA","","","","","","","",""
"2107","CHA","CHA","CHA","BOS","NYA","WAS","WAS","",""
"2108","MIL","MIL","MIL","MIL","","","","",""
"2109","FLO","","","","","","","",""
"2110","BAL","BAL","BAL","BAL","BAL","","","",""
"2111","TEX","","","","","","","",""
"2112","MIN","","","","","","","",""
"2113","LAN","LAN","TEX","TEX","","","","",""
"2114","BAL","TOR","TOR","","","","","",""
"2115","ARI","","","","","","","",""
"2116","TEX","","","","","","","",""
"2117","CLE","CLE","CLE","CLE","CLE","","","",""
"2118","SFN","","","","","","","",""
"2119","MIN","MIN","MIN","","","","","",""
"2120","PIT","","","","","","","",""
"2121","TBA","TBA","SDN","NYN","","","","",""
"2122","SFN","NYN","SFN","","","","","",""
"2123","COL","NYN","NYN","NYN","","","","",""
"2124","LAN","","","","","","","",""
"2125","TEX","TEX","TOR","MIL","COL","","","",""
"2126","MIN","","","","","","","",""
"2127","NYN","NYN","","","","","","",""
"2128","HOU","","","","","","","",""
"2129","WAS","WAS","","","","","","",""
"2130","NYA","","","","","","","",""
"2131","TOR","","","","","","","",""
"2132","KCA","TEX","LAN","","","","","",""
"2133","WAS","WAS","","","","","","",""
"2134","SEA","SEA","LAN","","","","","",""
"2135","LAN","CHA","","","","","","",""
"2136","HOU","LAA","","","","","","",""
"2137","LAA","LAA","LAA","LAA","LAA","","","",""
"2138","LAA","LAA","LAA","ARI","ARI","SEA","","",""
"2139","LAN","","","","","","","",""
"2140","HOU","","","","","","","",""
"2141","TEX","","","","","","","",""
"2142","DET","","","","","","","",""
"2143","SLN","SLN","","","","","","",""
"2144","COL","COL","COL","COL","COL","TOR","","",""
"2145","DET","DET","MIA","MIA","MIA","CHN","","",""
"2146","NYN","NYN","NYN","LAN","LAN","","","",""
"2147","WAS","","","","","","","",""
"2148","BAL","TEX","TEX","BOS","BOS","BOS","","",""
"2149","ATL","ATL","ATL","ATL","SFN","WAS","","",""
"2150","TBA","TBA","ATL","ATL","SDN","","","",""
"2151","ARI","ARI","ATL","ATL","SDN","","","",""
"2152","MIA","","","","","","","",""
"2153","LAN","LAN","LAN","LAN","LAN","ATL","NYN","",""
"2154","BAL","BAL","","","","","","",""
"2155","CLE","","","","","","","",""
"2156","PHI","PHI","PHI","PHI","PHI","LAN","","",""
"2157","CIN","MIA","CHN","","","","","",""
"2158","CLE","CHN","CHN","CHN","HOU","","","",""
"2159","HOU","HOU","","","","","","",""
"2160","NYN","NYN","MIA","MIA","","","","",""
"2161","DET","","","","","","","",""
"2162","ATL","CLE","CHN","BAL","","","","",""
"2163","TEX","","","","","","","",""
"2164","SLN","NYA","PHI","PHI","HOU","","","",""
"2165","PHI","CIN","","","","","","",""
"2166","MIN","MIN","BOS","BAL","KCA","TOR","TOR","OAK",""
"2167","DET","DET","DET","NYN","","","","",""
"2168","BAL","PIT","","","","","","",""
"2169","LAN","LAN","LAN","LAN","","","","",""
"2170","SEA","SEA","LAA","KCA","KCA","","","",""
"2171","MIN","MIN","","","","","","",""
"2172","BOS","","","","","","","",""
"2173","ATL","ATL","ATL","ATL","BOS","","","",""
"2174","SEA","","","","","","","",""
"2175","ARI","MIN","","","","","","",""
"2176","BOS","","","","","","","",""
"2177","FLO","","","","","","","",""
"2178","CHA","CHA","CHA","ATL","","","","",""
"2179","HOU","","","","","","","",""
"2180","LAA","MIA","MIA","","","","","",""
"2181","LAN","","","","","","","",""
"2182","SDN","SDN","SDN","SDN","SDN","TEX","","",""
"2183","OAK","","","","","","","",""
"2184","ATL","ATL","","","","","","",""
"2185","KCA","KCA","KCA","","","","","",""
"2186","PIT","MIL","HOU","DET","CHN","HOU","","",""
"2187","KCA","","","","","","","",""
"2188","DET","DET","","","","","","",""
"2189","DET","DET","DET","DET","DET","","","",""
"2190","TEX","NYN","","","","","","",""
"2191","CHA","CHA","CHA","CHA","","","","",""
"2192","PHI","PHI","LAN","BOS","BOS","BOS","LAA","",""
"2193","DET","DET","DET","BOS","","","","",""
"2194","TOR","TOR","CHN","CHN","SLN","","","",""
"2195","FLO","","","","","","","",""
"2196","HOU","HOU","HOU","","","","","",""
"2197","CIN","CIN","CIN","CIN","","","","",""
"2198","SDN","SDN","SDN","SDN","","","","",""
"2199","BAL","","","","","","","",""
"2200","CHN","","","","","","","",""
"2201","ATL","CHN","ATL","","","","","",""
"2202","CHA","TOR","","","","","","",""
"2203","SFN","SFN","SFN","SFN","SFN","","","",""
"2204","TBA","OAK","OAK","OAK","","","","",""
"2205","CIN","SDN","SDN","LAN","PIT","KCA","","",""
"2206","FLO","CHN","COL","PIT","","","","",""
"2207","CIN","CIN","CIN","CIN","CIN","","","",""
"2208","SLN","SLN","SLN","","","","","",""
"2209","CHN","CHN","","","","","","",""
"2210","NYA","NYA","","","","","","",""
"2211","OAK","TOR","TOR","","","","","",""
"2212","MIL","","","","","","","",""
"2213","SLN","SLN","SLN","SLN","","","","",""
"2214","BOS","","","","","","","",""
"2215","LAA","LAA","ATL","ATL","SLN","","","",""
"2216","MIN","MIN","","","","","","",""
"2217","CIN","","","","","","","",""
"2218","BAL","BAL","","","","","","",""
"2219","PIT","PIT","PIT","PIT","PIT","","","",""
"2220","SEA","SEA","SEA","","","","","",""
"2221","HOU","HOU","HOU","SDN","","","","",""
"2222","LAN","LAN","LAA","","","","","",""
"2223","SLN","TOR","MIN","MIN","","","","",""
"2224","WAS","WAS","CLE","CLE","","","","",""
"2225","WAS","WAS","TOR","","","","","",""
"2226","MIL","","","","","","","",""
"2227","NYA","NYA","NYA","NYA","","","","",""
"2228","CHN","CHN","","","","","","",""
"2229","PIT","PIT","PIT","PIT","PIT","","","",""
"2230","LAA","LAA","LAA","LAA","LAA","","","",""
"2231","CHA","CHA","CHA","","","","","",""
"2232","FLO","MIA","MIA","BAL","CLE","","","",""
"2233","ATL","","","","","","","",""
"2234","DET","SDN","TOR","","","","","",""
"2235","BOS","BOS","ARI","","","","","",""
"2236","OAK","OAK","OAK","BAL","BOS","BOS","","",""
"2237","MIL","MIL","MIL","MIL","SEA","","","",""
"2238","BOS","HOU","","","","","","",""
"2239","DET","","","","","","","",""
"2240","PIT","","","","","","","",""
"2241","DET","SEA","SEA","OAK","CHA","PHI","","",""
"2242","SDN","","","","","","","",""
"2243","CHN","CHN","","","","","","",""
"2244","LAA","LAA","NYA","","","","","",""
"2245","SDN","","","","","","","",""
"2246","WAS","WAS","WAS","WAS","WAS","","","",""
"2247","SLN","SLN","SLN","","","","","",""
"2248","TEX","LAN","","","","","","",""
"2249","BOS","CLE","","","","","","",""
"2250","ARI","COL","COL","","","","","",""
"2251","NYN","NYN","","","","","","",""
"2252","NYA","","","","","","","",""
"2253","NYA","DET","","","","","","",""
"2254","CLE","COL","COL","","","","","",""
"2255","SFN","SFN","CHN","","","","","",""
"2256","NYA","NYA","","","","","","",""
"2257","SDN","SDN","LAN","","","","","",""
"2258","BAL","BAL","BAL","BAL","BAL","","","",""
"2259","COL","PHI","SLN","","","","","",""
"2260","SEA","SEA","SEA","SEA","SEA","","","",""
"2261","DET","DET","LAA","","","","","",""
"2262","CHA","","","","","","","",""
"2263","CIN","","","","","","","",""
"2264","COL","SFN","","","","","","",""
"2265","LAA","LAA","LAA","HOU","TEX","PHI","PHI","",""
"2266","OAK","MIN","MIN","MIN","KCA","","","",""
"2267","NYA","","","","","","","",""
"2268","SFN","","","","","","","",""
"2269","BOS","","","","","","","",""
"2270","LAA","","","","","","","",""
"2271","BOS","BOS","DET","","","","","",""
"2272","LAA","LAA","ARI","TBA","TEX","","","",""
"2273","SFN","SFN","LAN","LAN","","","","",""
"2274","TEX","LAA","LAA","LAA","LAA","","","",""
"2275","SEA","ATL","ATL","","","","","",""
"2276","ARI","MIL","ARI","TEX","DET","","","",""
"2277","PIT","PIT","PIT","NYA","","","","",""
"2278","SEA","","","","","","","",""
"2279","BAL","","","","","","","",""
"2280","ATL","","","","","","","",""
"2281","FLO","TOR","NYA","CHA","CHA","","","",""
"2282","ATL","","","","","","","",""
"2283","LAN","LAN","","","","","","",""
"2284","HOU","","","","","","","",""
"2285","MIL","MIL","BAL","MIA","DET","","","",""
"2286","TEX","","","","","","","",""
"2287","SLN","SLN","SLN","","","","","",""
"2288","ATL","ATL","ATL","LAN","","","","",""
"2289","KCA","CLE","CLE","","","","","",""
"2290","LAA","PIT","","","","","","",""
"2291","CHN","CHN","","","","","","",""
"2292","PIT","","","","","","","",""
"2293","CIN","CHN","CHN","CHN","CHN","","","",""
"2294","TOR","","","","","","","",""
"2295","MIL","MIL","MIL","","","","","",""
"2296","BOS","BOS","","","","","","",""
"2297","PHI","PHI","MIN","PIT","PIT","","","",""
"2298","BAL","","","","","","","",""
"2299","DET","DET","DET","DET","","","","",""
"2300","NYN","NYN","NYN","NYN","NYN","","","",""
"2301","SEA","LAN","TBA","LAN","","","","",""
"2302","BAL","","","","","","","",""
"2303","BOS","BOS","BOS","","","","","",""
"2304","HOU","HOU","HOU","TBA","CHN","BAL","LAA","",""
"2305","OAK","","","","","","","",""
"2306","TBA","TBA","","","","","","",""
"2307","MIA","MIA","MIA","","","","","",""
"2308","COL","COL","","","","","","",""
"2309","BOS","BOS","CHA","NYA","","","","",""
"2310","NYN","NYN","SEA","KCA","","","","",""
"2311","ARI","ARI","OAK","NYN","NYA","NYA","","",""
"2312","MIN","DET","DET","PHI","TBA","BAL","BAL","",""
"2313","COL","COL","COL","NYN","NYN","ATL","NYN","",""
"2314","ATL","DET","","","","","","",""
"2315","TEX","TEX","PHI","LAN","","","","",""
"2316","PHI","ARI","PIT","NYA","","","","",""
"2317","CHN","MIA","","","","","","",""
"2318","HOU","HOU","","","","","","",""
"2319","OAK","ARI","ARI","ARI","ARI","ARI","","",""
"2320","WAS","WAS","WAS","WAS","WAS","","","",""
"2321","WAS","WAS","WAS","WAS","WAS","","","",""
"2322","SFN","SFN","SFN","OAK","","","","",""
"2323","TBA","TBA","TBA","TBA","OAK","KCA","","",""
"2324","SEA","SEA","SEA","","","","","",""
"2325","SEA","","","","","","","",""
